about	84618	i'm not sure i tell her what they are the roses only came out only two they just came out about a week ago so she got_to see another rose and vine but the zinnias and the marigolds they're about six feet tall they're just way above her head and all she wants to do is pick the flowers when she goes out	91	95	 about,  over,  almost,  just,  only,  half,  nearly,  of,  like,  around,  not,  from,  quite,  maybe,  in,  here,  barely,  for,  exactly,  there	0.5400713086128235, 0.13218995928764343, 0.06540022045373917, 0.06456638872623444, 0.04582745581865311, 0.03708425164222717, 0.013810457661747932, 0.007640305440872908, 0.006961256265640259, 0.006771295331418514, 0.0051097627729177475, 0.00496317632496357, 0.003625984536483884, 0.0033801437821239233, 0.0028730658814311028, 0.0025386170018464327, 0.002090871799737215, 0.00190514896530658, 0.0018168000970035791, 0.0018051819643005729
about	211151	who's in bunny cakes xxx who's that story about	43	47	?,  of, ?",  with,  for,  about,  to, ,, .,  is,  from,  on,  guy, !,  in,  girl,  and, ?', ?),  boy	0.3310064375400543, 0.05256366729736328, 0.045305561274290085, 0.03398878127336502, 0.021396158263087273, 0.02125428430736065, 0.017407972365617752, 0.014582919888198376, 0.013372351415455341, 0.013268355280160904, 0.011258945800364017, 0.009083538316190243, 0.007403091993182898, 0.0073838322423398495, 0.006616218481212854, 0.005922925658524036, 0.005549971479922533, 0.005534872878342867, 0.00546649657189846, 0.005091577768325806
about	181891	wanna hear this one about the spider	21	25	,,  with,  about,  from,  of,  and,  in,  on,  for,  call, :,  -,  to,  through,  calling,  –,  by,  or,  being,  before	0.16402556002140045, 0.12294932454824448, 0.09115485846996307, 0.054917898029088974, 0.04056420549750328, 0.0405271053314209, 0.03954165801405907, 0.03556579723954201, 0.017055081203579903, 0.016641175374388695, 0.016016006469726562, 0.015373612754046917, 0.015199651010334492, 0.012938560917973518, 0.012650549411773682, 0.010622963309288025, 0.010019487701356411, 0.008439178578555584, 0.006720959674566984, 0.00662438478320837
about	162623	that's a_lot of fish to eat what about matthew	34	38	's, ,,  a,  you,  is,  the,  with,  I, ?,  makes,  about,  we,  to,  in,  they,  for,  was,  on,  ya, 'll	0.24130429327487946, 0.11220172047615051, 0.10828392952680588, 0.09122613817453384, 0.03825201094150543, 0.03364812955260277, 0.025543348863720894, 0.01742081344127655, 0.014150639064610004, 0.013667774386703968, 0.013014081865549088, 0.012418046593666077, 0.00860262755304575, 0.007957947440445423, 0.007515748962759972, 0.007269107736647129, 0.007017979864031076, 0.0065703364089131355, 0.0036303536035120487, 0.0031479725148528814
about	145285	right actually though what but what interests me about that was the sort of he ross has developed sort of a bit marky talk dialect which is	50	54	 about,  was, ,,  in,  for,  besides,  like,  at,  after,  all,  is,  most,  and,  from,  to,  with,  now,  considering,  by,  though	0.16012829542160034, 0.10144504904747009, 0.09392911940813065, 0.06440071761608124, 0.05127519741654396, 0.050072647631168365, 0.0402662493288517, 0.03543112426996231, 0.030099814757704735, 0.029464896768331528, 0.028540154919028282, 0.02345398999750614, 0.016001036390662193, 0.014924473129212856, 0.013643874786794186, 0.009593505412340164, 0.008457176387310028, 0.008215328678488731, 0.0073799570091068745, 0.007370433304458857
about	23381	but i remember there's a story about a bridge	32	36	 about,  of,  on,  over,  from,  at,  with,  in,  and,  across,  for,  like,  under,  behind,  around, ,,  along,  by,  involving,  above	0.6914575695991516, 0.08922140300273895, 0.08070073276758194, 0.019445834681391716, 0.016798021271824837, 0.013159943744540215, 0.013118342496454716, 0.010296489112079144, 0.009842553175985813, 0.0058989208191633224, 0.00510344048961997, 0.0044965301640331745, 0.004184788558632135, 0.002691548550501466, 0.0021513113752007484, 0.0021353140473365784, 0.002117728115990758, 0.0017361013451591134, 0.001499689882621169, 0.000998070347122848
about	15748	anything tell me some more about that picture	28	32	 about,  of,  on,  in,  from,  with,  About,  after,  regarding,  than,  into,  for,  concerning,  through, ,,  over,  around,  inside,  and,  by	0.9820975661277771, 0.008983084000647068, 0.006840086076408625, 0.0005077836103737354, 0.0003748234885279089, 0.0001668336772127077, 0.0001626798475626856, 0.00011166980402776971, 0.00010640994150890037, 8.60865693539381e-05, 8.41249420773238e-05, 7.799206650815904e-05, 3.619508061092347e-05, 3.5452376323519275e-05, 2.9373819415923208e-05, 2.890377800213173e-05, 2.044251777988393e-05, 1.958348002517596e-05, 1.7986756574828178e-05, 1.7708252926240675e-05
about	61201	how about sitting over on your own in your own chair	5	9	 you,  of,  not,  about,  is, ,,  like, 're, 's,  than,  to,  was,  are,  imagine,  be,  considered,  consider, ly,  keep, 't	0.13849948346614838, 0.1070522740483284, 0.0911746397614479, 0.08765729516744614, 0.05042041838169098, 0.04129544273018837, 0.02869785577058792, 0.016768038272857666, 0.01621655374765396, 0.015451050363481045, 0.015027661807835102, 0.014519528485834599, 0.014378242194652557, 0.0126775112003088, 0.012554625980556011, 0.0077890511602163315, 0.007038354407995939, 0.006924406159669161, 0.005878774914890528, 0.005834160838276148
about	205011	what what about this house do you like	11	15	 in,  about,  kind,  is,  of,  inside,  on, ,,  sort,  at,  part, 's,  with,  from,  type,  use,  In,  does,  outside,  exactly	0.8655926585197449, 0.02842150628566742, 0.024401601403951645, 0.01671716198325157, 0.013466286472976208, 0.006209346000105143, 0.004409140441566706, 0.0023947039153426886, 0.0022115393076092005, 0.0019125348189845681, 0.0016200239770114422, 0.0014906885335221887, 0.0012896202970296144, 0.0012735598720610142, 0.001033538836054504, 0.000949064560700208, 0.0007190493051894009, 0.000654937291983515, 0.000635090924333781, 0.0006286261486820877
about	13270	and what about this guy right here	10	14	 is,  about,  brings,  with, 's,  was, ,,  drives,  to,  of,  brought,  are,  has,  does,  Is,  in,  makes,  from,  needs,  drove	0.4870355725288391, 0.22621561586856842, 0.06359514594078064, 0.05064766854047775, 0.045941926538944244, 0.01382072176784277, 0.01296923402696848, 0.009960807859897614, 0.00807398185133934, 0.006628693547099829, 0.006057089194655418, 0.005079871043562889, 0.0027265921235084534, 0.002551272977143526, 0.0024208342656493187, 0.0023753857240080833, 0.0022394375409930944, 0.0020687859505414963, 0.001796651165932417, 0.0017906837165355682
above	166990	the legs of a bed her bed towered above her it must have grown	35	39	 over,  above,  before,  around,  upon,  against,  about,  to,  on,  below,  under,  beneath,  towards,  behind,  from,  beside,  toward,  atop,  for,  across	0.8675858974456787, 0.05104987323284149, 0.031506750732660294, 0.007898245938122272, 0.005784357897937298, 0.0043274941854178905, 0.004177998751401901, 0.003302013035863638, 0.0032248543575406075, 0.0018875047098845243, 0.0017785695381462574, 0.0014705440262332559, 0.0013657471863552928, 0.0012901835143566132, 0.0012802152195945382, 0.0010349065996706486, 0.0009106613579206169, 0.0008544117445126176, 0.0008416299242526293, 0.000788631965406239
above	129825	oh worship the king all glorious above	34	38	 times,  time, !, .,  day,  way,  glory,  things,  love,  night,  days,  years,  again,  hour,  peace, ,,  dreams,  ways,  deeds,  kings	0.2840343415737152, 0.15317712724208832, 0.09516898542642593, 0.05480816215276718, 0.024880709126591682, 0.01803550124168396, 0.01756977289915085, 0.014945926144719124, 0.014042112976312637, 0.01278200838714838, 0.012218448333442211, 0.011351040564477444, 0.011220038868486881, 0.005393770523369312, 0.004540708847343922, 0.0043767523020505905, 0.004108679946511984, 0.003945784643292427, 0.0035943726543337107, 0.0034917150624096394
above	167469	the night watchman was going on his rounds on the floor above	57	61	., ..., ,, …, :,  and, !, ;, .,  when, .",  as, —, ..,  …, </s>, ..., ?, -,  -	0.9505884051322937, 0.010063499212265015, 0.0071624345146119595, 0.006164337508380413, 0.0038912224117666483, 0.0035079182125627995, 0.003336939262226224, 0.0014081693952903152, 0.0013631698675453663, 0.001290289219468832, 0.0007678002002649009, 0.000732195156160742, 0.0005828957073390484, 0.0004590237222146243, 0.0004449205589480698, 0.0004392238915897906, 0.00039297217153944075, 0.0003383473085705191, 0.0002928584872279316, 0.00024347849830519408
above	47630	eventually they arrived in the mountains above feria look	42	46	 with,  and,  to, ,,  a,  for,  in,  by,  without,  of,  under,  the,  at,  after, .,  on,  wearing,  looking, ;,  one	0.2356308251619339, 0.08517716825008392, 0.07871521264314651, 0.06721869111061096, 0.06654606759548187, 0.06006127968430519, 0.0579579621553421, 0.034844622015953064, 0.02171999029815197, 0.019329549744725227, 0.016220860183238983, 0.014456219971179962, 0.011926603503525257, 0.008436637930572033, 0.00790337286889553, 0.007800040766596794, 0.0069810873828828335, 0.006916459184139967, 0.0055482955649495125, 0.00543812895193696
above	237500	you know what the yellow one is above rhode island	33	37	,,  on,  a, :,  in,  and, ?,  the,  for, .,  like,  called,  is, ;,  -,  or,  to,  –,  from,  your	0.3007458448410034, 0.09914467483758926, 0.046306438744068146, 0.04148849844932556, 0.04066644608974457, 0.031479742377996445, 0.029041625559329987, 0.02898259647190571, 0.025003604590892792, 0.022953514009714127, 0.019414398819208145, 0.01808074302971363, 0.0172298364341259, 0.016748830676078796, 0.015487367287278175, 0.013800468295812607, 0.011004487052559853, 0.01004225667566061, 0.009684707038104534, 0.007555491290986538
above	167161	the lord is high above the heavens	18	22	 in,  above,  over,  into,  on,  to,  before,  upon,  from,  within,  and,  among,  up,  of,  as,  about,  for, ,,  throughout,  through	0.5449172854423523, 0.34430062770843506, 0.01350349746644497, 0.012587497010827065, 0.01114611979573965, 0.007130346726626158, 0.006397907622158527, 0.005858398508280516, 0.005664211697876453, 0.004257992375642061, 0.003831928363069892, 0.00368493958376348, 0.0034953481517732143, 0.003345762612298131, 0.0027513145469129086, 0.0024614690337330103, 0.0021898667328059673, 0.0015715347835794091, 0.0012674484169110656, 0.0011759038316085935
above	180856	under the witch or above the witch	20	24	 under,  with,  above,  below,  near,  by, under,  in,  over,  behind,  before,  at,  of,  after,  within,  around,  against,  through,  inside,  beneath	0.5038630962371826, 0.04779785871505737, 0.03732546791434288, 0.026371071115136147, 0.024839095771312714, 0.021321866661310196, 0.02028566785156727, 0.018465036526322365, 0.01655772142112255, 0.014699186198413372, 0.01308224443346262, 0.013075402937829494, 0.009983602911233902, 0.009370891377329826, 0.009350448846817017, 0.008568310178816319, 0.008393974974751472, 0.008074643090367317, 0.006785017903894186, 0.006427486427128315
above	192646	well ring the bell above your head	20	24	 above,  on,  over,  in,  at,  to,  for,  inside,  around,  with,  against,  off,  under,  by,  upon,  about,  below,  into,  from,  before	0.3624858558177948, 0.2778339982032776, 0.15334951877593994, 0.08202667534351349, 0.02633618377149105, 0.02097858116030693, 0.009429501369595528, 0.006951717659831047, 0.006567458622157574, 0.006539203692227602, 0.0060968766920268536, 0.004720538388937712, 0.004262093920260668, 0.00409532617777586, 0.0030757111962884665, 0.002573026344180107, 0.0022131598088890314, 0.0019714273512363434, 0.001958741806447506, 0.0018140797037631273
above	169351	then they took off soaring high above the palace	33	37	 over,  above,  into,  toward,  to,  towards,  from,  through,  in,  at,  inside,  on,  for,  past,  onto,  around,  against,  up,  behind,  outside	0.31180888414382935, 0.1800689995288849, 0.1625494509935379, 0.06712023913860321, 0.0543423555791378, 0.05295589566230774, 0.03758388012647629, 0.014966197311878204, 0.014432739466428757, 0.01123723853379488, 0.00996854342520237, 0.008309004828333855, 0.00756377587094903, 0.0056494902819395065, 0.004812347237020731, 0.0044371443800628185, 0.004391748923808336, 0.004281027242541313, 0.0036305105313658714, 0.0034416017588227987
above	5771	and he raised his head and looked up at the moon and stars above	60	64	., ,, ..., …, :, ;,  again,  …, ., !,  above, —, .",  and, ...., </s>,  below, ..., ..,  –	0.9304478764533997, 0.02179020084440708, 0.013394040986895561, 0.012620885856449604, 0.0054258983582258224, 0.00172626122366637, 0.0014270266983658075, 0.0012023900635540485, 0.0010479344055056572, 0.0008728860993869603, 0.0007451412384398282, 0.0006127363303676248, 0.00048729480477049947, 0.00043496087891981006, 0.00041033397428691387, 0.00038236993714235723, 0.0003734932979568839, 0.0002849446318577975, 0.0002686215448193252, 0.0002535732928663492
after	1795	after nanny left you had a big argument with her on the phone	1	5	After, When, Before, The, Since, Once, As, Your, While,  After,  When, My, when, Until, A, If, His, On, Where, That	0.5213688611984253, 0.36111754179000854, 0.06557925790548325, 0.010571053251624107, 0.009744253009557724, 0.005021635442972183, 0.0022608439903706312, 0.002016524551436305, 0.0017329036490991712, 0.001346190576441586, 0.0010026954114437103, 0.0009528276277706027, 0.0008594693499617279, 0.000777830951847136, 0.0007418689783662558, 0.0005865992279723287, 0.0005840715602971613, 0.0005447345320135355, 0.0004246209573466331, 0.0003889761574100703
after	23483	but i was wondering if you remember what we might do after christmas a place we might go visit	54	58	 at,  for,  in,  with,  during,  after, ,,  about,  as,  to,  over,  on,  and,  next,  tomorrow,  before,  when,  around, :,  the	0.2297973483800888, 0.14406375586986542, 0.12275837361812592, 0.07780556380748749, 0.04928949102759361, 0.04915861412882805, 0.04433303326368332, 0.023604338988661766, 0.01791531592607498, 0.013472710736095905, 0.012999637983739376, 0.01154476311057806, 0.010779350064694881, 0.008352227509021759, 0.007765237707644701, 0.0074562872759997845, 0.007319130003452301, 0.0071981060318648815, 0.005397588945925236, 0.00510565796867013
after	54627	he went to take a nap after we left huh	23	27	 before,  after,  when,  and,  as,  once,  while,  so,  then,  but, ,,  until,  where,  since,  that, ;,  later,  whilst,  After,  When	0.37533214688301086, 0.343628853559494, 0.1149010956287384, 0.08637513965368271, 0.0256419088691473, 0.014037508517503738, 0.009586571715772152, 0.005797185935080051, 0.004740549251437187, 0.003459261730313301, 0.0031911367550492287, 0.0024270382709801197, 0.0018082030583173037, 0.0007345559424720705, 0.0005036213551647961, 0.0003863155725412071, 0.00036763629759661853, 0.00035217468393966556, 0.0003315415233373642, 0.00031876328284852207
after	50625	good after you finish eating you can pick up the house	6	10	 after,  when,  time,  as,  if,  once,  before,  until,  When,  while,  After,  that,  till, When,  If, After,  Once, time,  moment,  whenever	0.28388068079948425, 0.28379568457603455, 0.15835639834403992, 0.06363854557275772, 0.061492182314395905, 0.0477580763399601, 0.025323228910565376, 0.0137679073959589, 0.009646977297961712, 0.005704476032406092, 0.00522453710436821, 0.0028019030578434467, 0.0022846602369099855, 0.0020591947250068188, 0.001970782643184066, 0.0018626414239406586, 0.0017628467176109552, 0.001719239866361022, 0.0009207220282405615, 0.0008800320792943239
after	137697	okay well then you have_to tell the story i can read the whole thing for you after erin goes but right now she wants to hear you talk	78	82	,,  and,  if,  all,  when,  like,  well,  ,  then, .,  so,  but,  as,  right, ',  before,  now,  too,  in,  soon	0.14964081346988678, 0.09948103129863739, 0.030940676108002663, 0.020751716569066048, 0.018469056114554405, 0.017325254157185555, 0.016452539712190628, 0.016375400125980377, 0.016373978927731514, 0.013439958915114403, 0.013148011639714241, 0.011094445362687111, 0.010975752957165241, 0.010896089486777782, 0.010095144622027874, 0.009625568054616451, 0.009618084877729416, 0.009229048155248165, 0.008568333461880684, 0.008508427068591118
after	47548	even after being here all this time	6	10	 after,  me,  remember,  my,  been,  from,  not,  though,  still,  just, ,,  really,  of,  now,  us,  you,  people,  without,  more,  with	0.30108657479286194, 0.03879063203930855, 0.0319649837911129, 0.026566248387098312, 0.02649206668138504, 0.023757439106702805, 0.022717228159308434, 0.021207239478826523, 0.019798338413238525, 0.01630830578505993, 0.016268376260995865, 0.015219543129205704, 0.014433085918426514, 0.014107419177889824, 0.013555777259171009, 0.0131613090634346, 0.012523757293820381, 0.01236613467335701, 0.012237226590514183, 0.011006243526935577
after	120286	now with the dragon she seemed afraid of the dragon but then after she saw that it was her own that she could make it move	62	66	 suddenly,  when,  again, ,,  finally,  then,  now,  as,  on,  slowly,  once,  somehow,  eventually,  first,  later,  soon,  quickly,  too,  though,  afterwards	0.5179078578948975, 0.09145750105381012, 0.0784354954957962, 0.07757731527090073, 0.044438280165195465, 0.020220022648572922, 0.01406639814376831, 0.013918212614953518, 0.012140780687332153, 0.011246209032833576, 0.011070596054196358, 0.00583252590149641, 0.00511622428894043, 0.004937308840453625, 0.0046109845861792564, 0.004530353471636772, 0.004359453916549683, 0.0037920805625617504, 0.0030744411051273346, 0.0029211952351033688
after	142357	pipo gets washed in the sink after he falls down in the mud with tom	30	34	 and,  where,  when, ,,  as,  after,  before,  until, ;,  then,  but,  so,  while,  because,  which,  that,  till, :,  later, .	0.47819408774375916, 0.1416255235671997, 0.10598201304674149, 0.06881795823574066, 0.049281422048807144, 0.047177113592624664, 0.0400606244802475, 0.016520122066140175, 0.010250204242765903, 0.006356616970151663, 0.005585474893450737, 0.004895882681012154, 0.00481439707800746, 0.0032998803071677685, 0.0024370828177779913, 0.0013733297819271684, 0.0007407406228594482, 0.0007366929785348475, 0.0006280543748289347, 0.0006107413792051375
after	1879	after we take the patient's tooth out	1	5	Here, Together, After, When, Can, Then, So, Before, If, First, Now, While, Should, Today, May, Later, Next, Let, As, Once	0.2574586570262909, 0.09365494549274445, 0.08704246580600739, 0.0632128119468689, 0.06270461529493332, 0.061416663229465485, 0.060327861458063126, 0.05163157731294632, 0.033963724970817566, 0.01959919184446335, 0.017050985246896744, 0.014112784527242184, 0.010115119628608227, 0.008616711013019085, 0.007354100700467825, 0.007268201094120741, 0.006380298640578985, 0.0055676233023405075, 0.0055312225595116615, 0.00495781097561121
after	42648	do you want me to give you the letter r after dinner	41	45	 your,  for,  with, affle,  to, iddle,  our,  the,  you, ouse,  at,  of,  After, use,  after, angers, ousing,  and,  my,  before	0.31785935163497925, 0.03846796974539757, 0.03340644761919975, 0.02321317419409752, 0.02048930712044239, 0.02021843008697033, 0.01905345357954502, 0.016949305310845375, 0.01418835949152708, 0.013876906596124172, 0.012034133076667786, 0.010266527533531189, 0.010043347254395485, 0.009556669741868973, 0.009026534855365753, 0.007704615127295256, 0.007583509664982557, 0.0074417623691260815, 0.0070082577876746655, 0.0063124471344053745
airplane	43752	do you want to make a paper airplane	29	36	?, ?", .,  paper,  cup,  roll,  box,  book,  mill,  copy,  packet, box, ?), work,  trip,  bag,  cut,  machine,  work,  yourself	0.8649465441703796, 0.030212899670004845, 0.006410559173673391, 0.004391184542328119, 0.0026957804802805185, 0.0025655333884060383, 0.0022577682975679636, 0.0021476070396602154, 0.0018362302798777819, 0.0017789326375350356, 0.0017511650221422315, 0.0014145890017971396, 0.0013991502346470952, 0.0012936464045196772, 0.001268605119548738, 0.0010894675506278872, 0.0009195228340104222, 0.0009010568028315902, 0.0008847874705679715, 0.0008033884805627167
airplane	50074	go down and go with the airplane	25	32	 others,  boys,  kids,  rest,  girls,  men,  children,  dogs,  guys,  boat,  car,  dog,  horses,  gang,  police,  water,  team,  girl,  animals,  boy	0.12466449290513992, 0.0775134265422821, 0.040523577481508255, 0.03317742794752121, 0.03139563277363777, 0.013579505495727062, 0.012749777175486088, 0.012591531500220299, 0.012335407547652721, 0.011493774130940437, 0.011110043153166771, 0.01082920003682375, 0.010598178952932358, 0.01052242424339056, 0.009412085637450218, 0.008075774647295475, 0.007903500460088253, 0.007693317253142595, 0.0064974515698850155, 0.006401899270713329
airplane	188383	we're going to take an airplane trip to texas	24	31	 extended,  overnight,  adventure,  easy,  international,  adventurous,  interesting,  early,  annual,  airplane,  off,  extra,  island,  exciting,  alternate,  exclusive,  afternoon,  important,  evening,  official	0.13131217658519745, 0.1277466118335724, 0.08280634135007858, 0.037877824157476425, 0.032172802835702896, 0.03168996423482895, 0.0274987630546093, 0.02227514423429966, 0.022051479667425156, 0.016918441280722618, 0.015978267416357994, 0.01430386584252119, 0.0124620096758008, 0.012388176284730434, 0.01149721723049879, 0.010851453058421612, 0.010323775000870228, 0.009918680414557457, 0.00962803978472948, 0.009527092799544334
airplane	32335	crash i never saw that airplane before	24	31	 thing,  look,  one,  smile,  face,  person,  man,  eye,  guy,  shit,  woman,  way,  again,  feeling,  girl,  coming,  monster,  light,  hand, ,	0.06906427443027496, 0.05048161372542381, 0.032240670174360275, 0.03146250545978546, 0.026657380163669586, 0.02264012023806572, 0.02103668451309204, 0.012376656755805016, 0.012112243101000786, 0.010698898695409298, 0.010637595318257809, 0.010027396492660046, 0.010007764212787151, 0.00991792045533657, 0.009330637753009796, 0.007641929667443037, 0.0075035011395812035, 0.006738550029695034, 0.006669336464256048, 0.006410878151655197
airplane	59314	hey wait a minute you can't put a truck an airplane in a truck	44	51	 engine,  animal,  object,  extra,  order,  hour,  anchor,  automobile,  egg,  elephant,  argument,  SUV,  item,  ax,  inch,  axle,  airplane,  owner,  RV,  truck	0.2763354480266571, 0.03549244627356529, 0.03399212658405304, 0.02564886398613453, 0.025016389787197113, 0.02362760342657566, 0.023082667961716652, 0.02292572148144245, 0.021916260942816734, 0.019967222586274147, 0.018515298143029213, 0.015930527821183205, 0.01472912821918726, 0.01295335404574871, 0.012912984937429428, 0.012152197770774364, 0.011250806972384453, 0.010393393225967884, 0.009040561504662037, 0.0070832259953022
airplane	209356	where you just got the airplane in your bed room	24	31	 key,  sheets,  phone,  bed,  keys,  laptop,  things,  bag,  book,  stuff,  baby,  covers,  thing,  DVD,  note,  clothes,  gun,  bomb,  door,  body	0.10446814447641373, 0.03816666081547737, 0.024205779656767845, 0.023723114281892776, 0.020505264401435852, 0.018857738003134727, 0.017011145129799843, 0.015359058976173401, 0.01341550424695015, 0.013236599043011665, 0.013201936148107052, 0.010278747417032719, 0.008641543798148632, 0.008426216430962086, 0.008268533274531364, 0.007724305614829063, 0.007569158915430307, 0.00686937291175127, 0.0067864456214010715, 0.006752715911716223
airplane	19687	because an airplane won't go far enough to be to get you to outer space	12	19	 expedition,  operation,  adventure,  attack,  invasion,  assignment,  assassin,  attempt,  agent,  enemy,  idea,  asteroid,  explosion,  escape,  elevator,  arrow,  astronaut,  airplane,  object,  effort	0.05548553168773651, 0.040259744971990585, 0.03280625492334366, 0.03200134262442589, 0.03083246946334839, 0.028481533750891685, 0.024131104350090027, 0.02392468973994255, 0.0228751040995121, 0.01978622004389763, 0.019358865916728973, 0.01780134066939354, 0.017223140224814415, 0.017080407589673996, 0.016138989478349686, 0.012916510924696922, 0.012537906877696514, 0.012436729855835438, 0.012240086682140827, 0.011877117678523064
airplane	157043	sometimes the ap the the airplane goes to see grandpa and grandpa grandpa and grandma	26	33	a, o, r, on, th, ma, ling, se, ro, or, l, ia, pa,  narrator, os, ist, i, an,  hero, le	0.04510396346449852, 0.039528828114271164, 0.02434413507580757, 0.023350898176431656, 0.01633208431303501, 0.015918007120490074, 0.01569121517241001, 0.015115703456103802, 0.013886621221899986, 0.012135932222008705, 0.011672381311655045, 0.011529585346579552, 0.011330989189445972, 0.010798998177051544, 0.009235154837369919, 0.009024303406476974, 0.007816328667104244, 0.0077773211523890495, 0.006361421197652817, 0.006146092899143696
airplane	51688	have you ever been in an airplane el	26	33	 airplane,  accident,  apartment,  office,  emergency,  ocean,  elevator,  adult,  engagement,  airport,  institution,  automobile,  attraction,  army,  alley,  environment,  orientation,  event,  encounter,  attack	0.10267342627048492, 0.09690038114786148, 0.09144949167966843, 0.07107430696487427, 0.06274828314781189, 0.02877289429306984, 0.024336405098438263, 0.023691944777965546, 0.020844854414463043, 0.02048332430422306, 0.015110456384718418, 0.01300718355923891, 0.011348682455718517, 0.010641617700457573, 0.008791102096438408, 0.008644250221550465, 0.007488491013646126, 0.006752609275281429, 0.006554134655743837, 0.006477721035480499
airplane	192433	well not now they're not in the airplane	33	40	 house,  city,  room,  country,  world,  church,  game,  future,  car,  way,  village,  building,  meeting,  States,  league,  dark,  boat,  party,  kitchen,  land	0.052979644387960434, 0.04607083648443222, 0.026143891736865044, 0.02407252788543701, 0.02367095835506916, 0.013687574304640293, 0.013571812771260738, 0.01207130216062069, 0.011747513897716999, 0.011399581097066402, 0.010482529178261757, 0.00910759624093771, 0.008850190788507462, 0.008073559030890465, 0.007483160588890314, 0.0073301345109939575, 0.007284971885383129, 0.007117793895304203, 0.006908088456839323, 0.006794470828026533
all	224767	yeah you gotta crawl under all those chairs good job naima	28	30	 all,  in,  of,  those,  to,  on,  these,  that,  both,  me,  under,  with, ,,  by,  some,  from,  them,  into,  like,  my	0.7048295736312866, 0.028742579743266106, 0.021530112251639366, 0.021043436601758003, 0.01873600296676159, 0.018520396202802658, 0.011254671961069107, 0.010689948685467243, 0.010625550523400307, 0.010177872143685818, 0.00834712479263544, 0.0074645280838012695, 0.0066032190807163715, 0.006233543157577515, 0.006094842683523893, 0.0048134829849004745, 0.004457549657672644, 0.0038935409393161535, 0.003712249919772148, 0.003244540188461542
all	7773	and look mama has paint all over her	25	27	 all,  painted,  thrown,  sprayed,  washed,  on,  done,  All,  hanging,  brushes,  pulled,  control,  poured,  pressed,  everywhere,  right,  draped,  stains,  paint,  in	0.9859216809272766, 0.002500528935343027, 0.0016250208718702197, 0.0010723588056862354, 0.0009408119949512184, 0.0005780811770819128, 0.0003577910829335451, 0.00031399106956087053, 0.00029488097061403096, 0.00014032777107786387, 0.00013859242608305067, 0.0001296073169214651, 0.00011817008635262027, 0.00011298839672235772, 0.00010870029655052349, 0.00010543243115535006, 9.453688107896596e-05, 8.839665679261088e-05, 8.470578904962167e-05, 7.946830737637356e-05
all	148069	see snap it back together right here well it opens all the way up right here and you put your money in there see	52	54	 all,  up,  on,  half,  in,  down,  just,  you,  off,  from,  it,  out,  me,  both,  by,  along,  is,  to,  right,  like	0.9628384709358215, 0.010697933845221996, 0.00797625258564949, 0.0032782177440822124, 0.0022173048928380013, 0.001207188586704433, 0.0011156861437484622, 0.0010581808164715767, 0.0008685418288223445, 0.0006622649380005896, 0.0005377079360187054, 0.0004912079311907291, 0.00044158383389003575, 0.00039070111233741045, 0.00036297051701694727, 0.0003122152993455529, 0.0002954374358523637, 0.0002816625055857003, 0.0002811753947753459, 0.00023508278536610305
all	172422	these people really came all the way out here to talk to you	26	28	 all,  on,  half,  All,  along,  by,  both,  of,  from,  in,  down,  with,  up,  out,  just,  round,  back,  for,  quite,  right	0.9986023306846619, 0.0009933566907420754, 0.00019964588864240795, 7.492034637834877e-05, 1.9845252609229647e-05, 1.6368532669730484e-05, 1.4378822015714832e-05, 1.0296072105120402e-05, 1.005209833238041e-05, 8.504769539285917e-06, 8.008295480976813e-06, 5.316811893862905e-06, 4.008119049103698e-06, 3.3919668567250483e-06, 1.9883659660990816e-06, 1.7742804629961029e-06, 1.502173404333007e-06, 1.3003575531911338e-06, 1.1329758535794099e-06, 1.1060297993026325e-06
all	18117	are you ready to put all the toys away	22	24	 all,  away,  just,  half,  back,  up,  those,  put,  both,  any,  out,  these,  ,  some,  All,  in,  your,  on,  everything,  of	0.9924483299255371, 0.0017373589798808098, 0.00035078046494163573, 0.00032970268512144685, 0.0003260729426983744, 0.00031781004508957267, 0.0003098918532487005, 0.0002966793836094439, 0.00029363459907472134, 0.00026723879273049533, 0.0002521975548006594, 0.00020154051890131086, 0.00017698545707389712, 0.00017594157543499023, 0.00014398616622202098, 0.00012081901513738558, 0.00010568839206825942, 0.00010239957919111475, 9.529328963253647e-05, 9.15544296731241e-05
all	138519	okay you don't want to get your nice hospital bed all dirty with your boots	51	53	 dirty,  running,  getting,  all,  filthy,  done,  turned,  cleaned,  so,  washed,  wiped,  made,  run,  put,  cut,  too,  got,  knocked,  dug,  laid	0.2503107786178589, 0.05036778002977371, 0.044383455067873, 0.043870389461517334, 0.03611530736088753, 0.03209935501217842, 0.02997460961341858, 0.029123792424798012, 0.027951855212450027, 0.022914420813322067, 0.021529903635382652, 0.01990070380270481, 0.01894192583858967, 0.015246457420289516, 0.013945890590548515, 0.010424087755382061, 0.009974375367164612, 0.009377049282193184, 0.008767607621848583, 0.007560092955827713
all	2950	all the cars are at linda's house	1	3	All, But, And, So, Today, When, ,, Apparently, Now, ***, Then, Both, That, Half, all,  All, …, Currently, Meanwhile, While	0.8630180358886719, 0.020438069477677345, 0.011807301081717014, 0.007876136340200901, 0.007754738442599773, 0.005295873153954744, 0.004894011188298464, 0.004252391867339611, 0.0038829923141747713, 0.0035803813952952623, 0.0033680920023471117, 0.003060027724131942, 0.002705290215089917, 0.0026781978085637093, 0.002349092625081539, 0.0019270919729024172, 0.0018875815439969301, 0.0018217345932498574, 0.0018130841199308634, 0.0017895411001518369
all	174015	they're all lined up just like kids	9	11	 all,  always,  just,  still,  getting,  really,  both,  probably,  actually,  not,  already,  usually,  being,  kinda,  basically,  totally,  now,  pretty,  also,  practically	0.8712580800056458, 0.0512508898973465, 0.015946831554174423, 0.008199977688491344, 0.006953731179237366, 0.006526865065097809, 0.005688246805220842, 0.0027119426522403955, 0.0024586704093962908, 0.002082324819639325, 0.001967399613931775, 0.0018371845362707973, 0.001713376841507852, 0.001163271488621831, 0.0009767556330189109, 0.0008038235828280449, 0.0007149477605707943, 0.0006653174641542137, 0.0006463617901317775, 0.0006300835520960391
all	113138	no i think you've seen them all	29	31	., ?, !, ...,  too,  before, …,  again,  all, ,, ..,  already,  either, ...,  –,  right,  both, :,  -,  yet	0.5458815693855286, 0.09804652631282806, 0.06260094046592712, 0.02723335288465023, 0.018239226192235947, 0.017572278156876564, 0.016530288383364677, 0.013092844747006893, 0.008411979302763939, 0.006497729569673538, 0.006230011582374573, 0.005087442230433226, 0.004805842414498329, 0.004549531266093254, 0.004498060792684555, 0.004356347490102053, 0.004045973997563124, 0.0038082876708358526, 0.00355830998159945, 0.003543732687830925
all	248193	you're keeping them all in that box nice and neat	21	23	 all,  back,  up,  out,  both,  safe,  stored,  here,  together,  tucked,  away,  stuffed,  stuck,  locked,  down,  wrapped,  hidden,  still,  put,  sitting	0.46102139353752136, 0.0709763616323471, 0.047773219645023346, 0.04594152048230171, 0.030430633574724197, 0.025224080309271812, 0.016592979431152344, 0.014710872434079647, 0.014001167379319668, 0.011647994630038738, 0.011425436474382877, 0.010223159566521645, 0.0092332037165761, 0.009214717894792557, 0.008553862571716309, 0.0071980818174779415, 0.007166290655732155, 0.006351522170007229, 0.006265189033001661, 0.006201555486768484
alligator	69719	i gotta put the alligator clip on you chomp	17	25	 video,  big,  same,  whole,  right,  clip,  last,  good,  fucking,  rap,  old,  hair,  movie,  gun,  quick,  next,  first,  short,  film,  real	0.0866689458489418, 0.04275800660252571, 0.03325412794947624, 0.016737155616283417, 0.016500690951943398, 0.014154309406876564, 0.013803631998598576, 0.013564248569309711, 0.011051344685256481, 0.010766207240521908, 0.00995998177677393, 0.009218891151249409, 0.009168772958219051, 0.008614358492195606, 0.008564655669033527, 0.008222096599638462, 0.007621286902576685, 0.007299860939383507, 0.007026101928204298, 0.006795243825763464
alligator	148589	see you later alligator in a while crocodile	15	23	 once, ,,  on,  later,  and,  or,  sometime,  all,  if,  one,  then,  time,  twice,  -,  maybe,  two,  tomorrow,  but,  than,  again	0.3293887972831726, 0.13999250531196594, 0.12236825376749039, 0.08821406215429306, 0.08305750787258148, 0.031871140003204346, 0.02127392590045929, 0.014677868224680424, 0.01331938523799181, 0.011073203757405281, 0.008164915256202221, 0.0073058344423770905, 0.007301501464098692, 0.005678102374076843, 0.005189376883208752, 0.005083167459815741, 0.004711872898042202, 0.004500755574554205, 0.003780489321798086, 0.003584963036701083
alligator	171501	there's an alligator right there there's oh there no oh these two match	12	20	 oh,  hour,  answer,  accident,  agreement,  idea,  Oh,  unknown,  issue,  argument,  opportunity,  enemy,  am,  and,  elephant, oh,  egg,  And,  u,  out	0.2652830183506012, 0.0388486310839653, 0.026639750227332115, 0.021402455866336823, 0.01063392125070095, 0.009954196400940418, 0.008222031407058239, 0.00809010025113821, 0.007218708284199238, 0.006938513368368149, 0.006917242892086506, 0.006866800133138895, 0.0061815232038497925, 0.006135360803455114, 0.005987716373056173, 0.005816764663904905, 0.005717241670936346, 0.005531235132366419, 0.005411824677139521, 0.005194345489144325
alligator	96699	just like i had the alligator on my finger	21	29	 ring,  finger,  sun,  tattoo,  keys,  number,  kiss,  needle,  charm,  blood,  mark,  thumb,  butterfly,  key,  label,  rings,  symbol,  heart,  diamond,  magic	0.2056383341550827, 0.01751014031469822, 0.01563609205186367, 0.010328933596611023, 0.009426946751773357, 0.008952238596975803, 0.0088952062651515, 0.008567250333726406, 0.007650025654584169, 0.00645856698974967, 0.00643408065661788, 0.006340282969176769, 0.006331162061542273, 0.005992714781314135, 0.005676204804331064, 0.005057190079241991, 0.005005673039704561, 0.004992555361241102, 0.004918038845062256, 0.0047835372388362885
alligator	82097	i'll see ya i'll see ya later alligator	31	39	., ...,  tomorrow, …,  on, !, ?, .., ,, .,  , '.,  then,  tonight,  today, .",  ok,  again, ', </s>	0.6211850643157959, 0.043083518743515015, 0.02832101099193096, 0.018652914091944695, 0.016177596524357796, 0.01577209122478962, 0.013422613963484764, 0.011771484278142452, 0.01079977210611105, 0.009784642606973648, 0.008335720747709274, 0.007546365726739168, 0.007483377121388912, 0.006749819498509169, 0.006243056617677212, 0.005544791463762522, 0.005280538462102413, 0.004758581984788179, 0.003967493772506714, 0.003927146550267935
alligator	9593	and the alligator is beside the car	9	17	 car,  park,  garden,  tree,  road,  house,  beach,  lake,  driver,  bike,  door,  window,  truck,  bench,  vehicle,  grass,  dog,  seat,  Jeep,  sun	0.1734205186367035, 0.044099949300289154, 0.026705583557486534, 0.026280196383595467, 0.018073735758662224, 0.015779586508870125, 0.0147672388702631, 0.012943222187459469, 0.012310246005654335, 0.012257727794349194, 0.01169351115822792, 0.011421994306147099, 0.010904978029429913, 0.010245319455862045, 0.00963197834789753, 0.00835758913308382, 0.007444919086992741, 0.007118500303477049, 0.0060566021129488945, 0.006048411596566439
alligator	219753	xxx xxx it's sharp in there that's why it's called an alligator clip	55	63	 action,  instant,  art,  old,  artillery,  audio,  acid,  adrenaline,  interesting,  emotional,  extra,  animated,  arcade,  easy,  internet,  opening,  educational,  online,  assault,  actual	0.06446672230958939, 0.041011787950992584, 0.03621286898851395, 0.03615710511803627, 0.026471981778740883, 0.021677212789654732, 0.02098814584314823, 0.019295157864689827, 0.017876222729682922, 0.017668381333351135, 0.01315983571112156, 0.01210089586675167, 0.011353086680173874, 0.009866192005574703, 0.009713167324662209, 0.0092624481767416, 0.009141882881522179, 0.007871019653975964, 0.0077645848505198956, 0.007666889578104019
alligator	171972	there's the alligator look at them laying right there	13	21	 last,  good,  same,  first,  best,  other,  hard,  death,  big,  only,  next,  wrong,  better,  sad,  right,  one,  hell,  full,  final,  second	0.1823212057352066, 0.06912177801132202, 0.05718250572681427, 0.04832574352622032, 0.040143728256225586, 0.016886882483959198, 0.016678886488080025, 0.016553707420825958, 0.01401548646390438, 0.012572978623211384, 0.010214279405772686, 0.01011514663696289, 0.009574828669428825, 0.009404035285115242, 0.009193895384669304, 0.008784073404967785, 0.00868892576545477, 0.008247963152825832, 0.008145114406943321, 0.007598832715302706
alligator	108771	mm i knew xxx there's the alligator	27	35	 car,  baby,  time,  problem,  door,  girl,  key,  way,  bitch,  truth,  man,  fuck,  end,  one,  bell,  gun,  boss,  line,  bar,  answer	0.013449358753859997, 0.013127396814525127, 0.011066031642258167, 0.010561875067651272, 0.010322608053684235, 0.01025312952697277, 0.010182385332882404, 0.009232930839061737, 0.0082024447619915, 0.007045152597129345, 0.006930680479854345, 0.006195328198373318, 0.005851776339113712, 0.005156774539500475, 0.004902039188891649, 0.004635124001652002, 0.004614764358848333, 0.004536652937531471, 0.004466359503567219, 0.004354571923613548
alligator	53523	he made some cloth out of grass so it was green and made him look like an alligator	75	83	 animal,  idiot,  adult,  angel,  alien,  astronaut,  ox,  eagle,  athlete,  ape,  actor,  elephant,  Indian,  elf,  adolescent,  infant,  insect,  ant,  ass,  artist	0.19252502918243408, 0.13038702309131622, 0.05297498777508736, 0.052384085953235626, 0.045197758823633194, 0.04177634418010712, 0.03286777064204216, 0.032203447073698044, 0.030105726793408394, 0.02960982732474804, 0.024740831926465034, 0.02108604833483696, 0.01950123906135559, 0.015775423496961594, 0.013591849245131016, 0.012448780238628387, 0.01169853936880827, 0.011102499440312386, 0.010457182303071022, 0.007876493036746979
animal	204768	what was the animal that you petted on the nose	14	19	 dog,  nose,  cat,  thing,  one,  guy,  man,  girl,  pet,  name,  kid,  rabbit,  baby,  person,  boy,  hand,  bird,  snake,  pig,  finger	0.10863471776247025, 0.08888375014066696, 0.08546391874551773, 0.055931344628334045, 0.036708321422338486, 0.023464616388082504, 0.01617908664047718, 0.015235408209264278, 0.013268355280160904, 0.01278788223862648, 0.012715197168290615, 0.012402144260704517, 0.011552410200238228, 0.010868611745536327, 0.00991200190037489, 0.009130171500146389, 0.008994349278509617, 0.00833500549197197, 0.007384458556771278, 0.006926767062395811
animal	47125	eeyore's a boy what kind of animal	29	34	 boy,  girl,  man,  fun,  guy,  thing,  kid,  trouble,  boys,  things,  dog,  father,  school,  play,  child,  friends,  is,  toy,  friend,  cute	0.29574400186538696, 0.04898625239729881, 0.025733759626746178, 0.020286690443754196, 0.02001597359776497, 0.013079660013318062, 0.01119239628314972, 0.011018700897693634, 0.009116734378039837, 0.007777275983244181, 0.007597065530717373, 0.007191854994744062, 0.006695795338600874, 0.006432283669710159, 0.006151583977043629, 0.005285895429551601, 0.004975596442818642, 0.0049432688392698765, 0.004711529705673456, 0.00460979575291276
animal	7747	and look at that there's another animal	34	39	.,  one,  door,  thing, ..., :,  way,  car,  girl,  place, !,  exit,  room,  building,  time, ?, ., …,  saying,  woman	0.2781437635421753, 0.08604732155799866, 0.03730323538184166, 0.03463764116168022, 0.02919563464820385, 0.02233314700424671, 0.019030312076210976, 0.018081268295645714, 0.016402173787355423, 0.013351008296012878, 0.011391989886760712, 0.010995627380907536, 0.009251333773136139, 0.0074166604317724705, 0.0071955109015107155, 0.00699230283498764, 0.006837551016360521, 0.006731965113431215, 0.005348445847630501, 0.0052543445490300655
animal	153559	so everybody so every animal and everybody can slip	23	28	 one,  way,  day,  time,  person,  turn,  step,  minute,  other,  chance,  year,  can,  guy,  thing,  little,  moment,  man,  second,  side,  vice	0.0625327080488205, 0.05243499577045441, 0.048264238983392715, 0.04351229593157768, 0.03350769355893135, 0.030216701328754425, 0.020205624401569366, 0.01682054065167904, 0.016015617176890373, 0.01378818042576313, 0.013446061871945858, 0.012069650925695896, 0.01200926210731268, 0.00974323507398367, 0.00958658754825592, 0.009238346479833126, 0.00897426251322031, 0.00858120433986187, 0.008546632714569569, 0.007871609181165695
animal	204811	what was the name of this animal	27	32	?,  place,  book, ?",  world,  earth,  house,  experiment,  town,  planet,  ,  cave,  school,  story,  building, ?), ?', ?,  question,  village	0.3844394385814667, 0.12018980830907822, 0.01940976269543171, 0.017133597284555435, 0.012586490251123905, 0.010873321443796158, 0.010019061155617237, 0.00772600993514061, 0.007447813171893358, 0.007395726628601551, 0.0067843967117369175, 0.006427669897675514, 0.005876156035810709, 0.004831110127270222, 0.0047951810993254185, 0.004755684640258551, 0.004665485583245754, 0.0045047951862216, 0.004474140238016844, 0.00423742039129138
animal	10008	and the other set he has just has animal pictures on them huh	35	40	 some,  the,  more,  his,  are,  those,  has,  had,  these,  two,  big,  were,  have,  with,  no,  of,  different,  their,  several,  all	0.326088547706604, 0.13904501497745514, 0.04556991532444954, 0.04283580183982849, 0.03263917192816734, 0.022775527089834213, 0.02041878178715706, 0.019129423424601555, 0.01847505383193493, 0.011784043163061142, 0.008741140365600586, 0.008535269647836685, 0.008037601597607136, 0.007755101192742586, 0.006487051956355572, 0.005954400636255741, 0.005872768349945545, 0.005440622102469206, 0.005341283977031708, 0.0047861384227871895
animal	243816	you want another animal instead of this animal	41	46	., ?, !,  one, …, ..., ,,  place,  time,  earth,  man,  animal, ;,  world, :, —,  person,  thing,  human,  life	0.44259539246559143, 0.2685664892196655, 0.03963487222790718, 0.02628774754703045, 0.02028057351708412, 0.013760218396782875, 0.01010972075164318, 0.0073018246330320835, 0.006559745408594608, 0.00653839111328125, 0.0058960760943591595, 0.00580381928011775, 0.0056035988964140415, 0.005336769390851259, 0.0050534699112176895, 0.00495351105928421, 0.00474776653572917, 0.004104983527213335, 0.00391557440161705, 0.0034545166417956352
animal	159671	that furry animal who gave you a kiss	12	17	 man,  cat,  dog,  creature,  guy,  boy,  animal,  being,  thing,  giant,  monster,  alien,  girl,  bear,  puppy,  fellow,  beast,  one,  wolf,  kid	0.1132277250289917, 0.08051898330450058, 0.061651915311813354, 0.06039077043533325, 0.03956766799092293, 0.0380285270512104, 0.02499159798026085, 0.02475493587553501, 0.023436730727553368, 0.022569352760910988, 0.020851192995905876, 0.017530331388115883, 0.017358528450131416, 0.014159683138132095, 0.013199490495026112, 0.012647285126149654, 0.011241178959608078, 0.011142930015921593, 0.010157612152397633, 0.009491188451647758
animal	203261	what is the animal that says cock_a_doodle_doo	13	18	 one,  word,  name,  phrase,  song,  line,  expression,  caption,  thing,  text,  sign,  voice,  dictionary,  verse,  book,  label,  picture,  term,  video,  tag	0.12225351482629776, 0.08648807555437088, 0.06579810380935669, 0.03576996922492981, 0.03069426864385605, 0.021455934271216393, 0.020633812993764877, 0.017574235796928406, 0.01688452996313572, 0.016322975978255272, 0.015946004539728165, 0.015201490372419357, 0.011344713158905506, 0.011169548146426678, 0.007495480123907328, 0.007023482117801905, 0.005946480669081211, 0.00559642631560564, 0.005362658761441708, 0.004904831759631634
animal	11480	and then you get cara's animal's out cara	25	30	 what,  it,  that,  she,  and,  car, a,  who,  he,  a,  baby,  mom,  girl,  there,  in,  all,  cum, ,,  mother,  one	0.07753535360097885, 0.07698719948530197, 0.06474565714597702, 0.039125263690948486, 0.03078690730035305, 0.02481033094227314, 0.024032576009631157, 0.01796170510351658, 0.017375493422150612, 0.014609087258577347, 0.009682786650955677, 0.00964830256998539, 0.009180637076497078, 0.008817757479846478, 0.008005333133041859, 0.007898353971540928, 0.0075036222115159035, 0.0073894173838198185, 0.007336948998272419, 0.00635813781991601
ankle	4739	and an ankle bangle like you had at the hospital	8	12	 arm,  awkward,  easy,  emotional,  old,  extra,  open,  endless,  empty,  ugly,  explosive,  imaginary,  intimate,  epic,  invisible,  uncomfortable,  inverted,  intellectual,  impossible,  amazing	0.08254657685756683, 0.0632379800081253, 0.05797014385461807, 0.0517149344086647, 0.0408182218670845, 0.026282740756869316, 0.025759348645806313, 0.02463282272219658, 0.02216830477118492, 0.01974049210548401, 0.01853703148663044, 0.017732325941324234, 0.01459098607301712, 0.010967985726892948, 0.010914894752204418, 0.010393275879323483, 0.010241231881082058, 0.010043838061392307, 0.009057278744876385, 0.008886805735528469
ankle	32974	daddy told me she sprained her ankle	32	36	 ankle,  nose,  leg,  knee,  foot,  toe,  neck,  calf,  hand,  shoulder,  hands,  arm, .,  back,  feet,  knees,  wrist,  thumb,  fingers,  legs	0.6132378578186035, 0.06268354505300522, 0.05505751073360443, 0.04737937077879906, 0.020334070548415184, 0.012882236391305923, 0.012285681441426277, 0.011986466124653816, 0.011547517962753773, 0.007871554233133793, 0.006550658028572798, 0.005976798012852669, 0.005748274270445108, 0.005706386175006628, 0.00510382279753685, 0.004560444038361311, 0.004364640451967716, 0.003762852633371949, 0.0036787481512874365, 0.003666964825242758
ankle	83530	i'm gonna make a bow on naima's ankle	33	37	 head,  ass,  back, .,  neck,  arm,  shoulder,  finger,  chest,  knee,  leg,  tail,  hand,  face,  forehead,  lap,  shoulders,  feet,  body,  side	0.12792730331420898, 0.08815647661685944, 0.06736090034246445, 0.05839109048247337, 0.046688638627529144, 0.02817588485777378, 0.021981626749038696, 0.02137633040547371, 0.02086261846125126, 0.02054324559867382, 0.01916191168129444, 0.016159508377313614, 0.014823510311543941, 0.013211634941399097, 0.011570639908313751, 0.010058811865746975, 0.00908656045794487, 0.007884368300437927, 0.007799594197422266, 0.007774630561470985
ankle	110820	my ankle is swollen out_of this world	4	8	 heart,  head,  life,  body,  brain,  mind,  soul,  world, self,  brother,  face,  friend,  eye,  ass,  family,  mother,  blood,  sister,  tongue,  skin	0.3609093725681305, 0.06696920841932297, 0.05571902543306351, 0.032893888652324677, 0.026446109637618065, 0.024227015674114227, 0.018088078126311302, 0.017679324373602867, 0.017668461427092552, 0.0163657795637846, 0.014513643458485603, 0.010892658494412899, 0.009213295765221119, 0.008803713135421276, 0.008725481107831001, 0.008633957244455814, 0.0085260309278965, 0.008214693516492844, 0.007539574522525072, 0.007236075587570667
ankle	121348	oh and you had a bangle on your ankle also	33	37	 head,  mind,  ass,  knee,  arm,  shoulder,  heart,  hand,  leg,  hands,  own,  life,  back,  foot,  finger,  neck,  dick,  hips,  chest,  shoulders	0.19538401067256927, 0.05483969300985336, 0.0508197620511055, 0.036894604563713074, 0.0359681136906147, 0.024760665372014046, 0.023290181532502174, 0.022506562992930412, 0.021022874861955643, 0.020199056714773178, 0.01902606710791588, 0.015873264521360397, 0.015570501796901226, 0.01547054760158062, 0.013896279036998749, 0.01355373952537775, 0.01329842023551464, 0.012541861273348331, 0.01213974691927433, 0.011835098266601562
ankle	141636	ow this is even a badder cut than my sprained ankle	47	51	 knee,  ankle,  leg,  shoulder,  arm,  hand,  hamstring,  wrist,  foot, .,  body,  thigh,  ribs,  hands,  nose,  knees,  forearm,  muscle,  boot,  kidney	0.27159383893013, 0.19772464036941528, 0.0941322073340416, 0.03754890710115433, 0.025918172672390938, 0.01767672412097454, 0.017040660604834557, 0.016404137015342712, 0.016189292073249817, 0.010486328974366188, 0.010203341953456402, 0.009163504466414452, 0.008952046744525433, 0.008770518004894257, 0.008678955025970936, 0.007326140999794006, 0.006555425003170967, 0.005752043332904577, 0.005661451257765293, 0.005631157197058201
ankle	234281	you had that bangle on your ankle too	29	33	 head,  ass,  finger,  neck,  heart,  arm,  dick,  shoulder,  leg,  knee,  own,  lips,  back,  hip,  hips,  chest,  mind,  hand,  butt,  fingers	0.114359050989151, 0.08124295622110367, 0.032737553119659424, 0.02877933904528618, 0.028604870662093163, 0.028237851336598396, 0.026131413877010345, 0.021535392850637436, 0.01897834800183773, 0.017955610528588295, 0.017542362213134766, 0.0168931782245636, 0.01685723289847374, 0.016381725668907166, 0.01620223931968212, 0.01584676094353199, 0.014665539376437664, 0.013148010708391666, 0.012174450792372227, 0.011732722632586956
another	171537	there's another way to play this game	9	15	 no,  a,  another,  one,  some,  other,  any,  little,  always,  only,  more,  every,  just,  better,  the,  still,  two,  many,  good,  this	0.8640166521072388, 0.08069068938493729, 0.028183501213788986, 0.015995074063539505, 0.0058859651908278465, 0.0007835224969312549, 0.0005907094455324113, 0.0004435836453922093, 0.00044008082477375865, 0.00032888472196646035, 0.00021747034043073654, 0.00019180327944923192, 0.0001345848140772432, 0.00012727330613415688, 0.00012492606765590608, 0.00011780078057199717, 0.00011315917799947783, 9.65801373240538e-05, 8.87133355718106e-05, 8.167980558937415e-05
