about	67776	i don't think he knows what he's talking about either	42	46	 about,  to, ,,  on,  of,  at,  into,  with,  through,  like,  for,  around,  or,  in,  towards,  over,  here,  against,  anymore,  doing	0.9960210919380188, 0.0020360813941806555, 0.0006818054243922234, 0.0002851492026820779, 0.00021408891188912094, 9.747378499014303e-05, 8.286388765554875e-05, 6.476004637079313e-05, 5.353555752662942e-05, 4.333287870394997e-05, 4.3178264604648575e-05, 3.8704267353750765e-05, 3.80787460017018e-05, 2.8106147510698065e-05, 2.2542071747011505e-05, 2.23024508159142e-05, 1.280050400964683e-05, 1.1887053005921189e-05, 1.1028643712052144e-05, 7.005700808804249e-06
about	3496	alright i'll pick these up you tell her about the plane	41	45	 on,  off,  from,  in,  about,  to,  by,  for,  over,  at,  and,  onto,  after,  with,  down,  aboard,  around,  before,  up,  across	0.724669873714447, 0.04592130333185196, 0.04199032112956047, 0.02835298329591751, 0.027505142614245415, 0.025598837062716484, 0.01708339713513851, 0.01676291599869728, 0.008041001856327057, 0.00759443873539567, 0.00416261563077569, 0.004143720492720604, 0.0027974157128483057, 0.002743876539170742, 0.0024562582839280367, 0.0021739162039011717, 0.0019414209527894855, 0.0015211113495752215, 0.00146640301682055, 0.0014225720660760999
about	124177	oh i'm not gonna worry about it	24	28	 about,  over,  for,  on,  with,  after,  at,  around,  through,  of,  in,  against,  like,  to,  without,  into,  About,  from,  if,  by	0.9920411705970764, 0.00518738804385066, 0.0007109395228326321, 0.0006264597177505493, 0.0002959631965495646, 0.00013749569188803434, 0.00012472982052713633, 0.00010590296005830169, 9.309023880632594e-05, 6.758902600267902e-05, 6.686704728053883e-05, 4.520763468462974e-05, 4.301410081097856e-05, 4.0276201616507024e-05, 3.6357829230837524e-05, 2.943827166745905e-05, 1.9745610188692808e-05, 1.8951028323499486e-05, 1.4384963833435904e-05, 1.3395607311394997e-05
about	206965	when i talk to her about it	20	24	 about,  on,  over,  like,  after,  for,  during,  through,  in,  before, ,,  of,  into,  with,  doing,  at,  against,  or,  regret,  is	0.959619402885437, 0.01346797589212656, 0.004478030372411013, 0.002713023452088237, 0.0023052594624459743, 0.0016898919129744172, 0.001684930524788797, 0.001519085606560111, 0.0014054685598239303, 0.0010048311669379473, 0.0008190469234250486, 0.0005183063913136721, 0.0005148268537595868, 0.0004145395359955728, 0.00037564916419796646, 0.0002331484720343724, 0.00022692828497383744, 0.00021214484877418727, 0.00020942110859323293, 0.00019146708655171096
about	171432	there's a story about a little boy who road a golden goose	17	21	 about,  of,  involving,  from,  with,  concerning,  for,  by,  on,  featuring,  in,  telling, ,,  and,  regarding,  describing,  About,  to,  around, :	0.7556053996086121, 0.2302311360836029, 0.003912107553333044, 0.002245142124593258, 0.0020708166994154453, 0.001225019572302699, 0.0005141384899616241, 0.0003648974234238267, 0.00036134649417363107, 0.00033690931741148233, 0.00031328079057857394, 0.00027354847406968474, 0.0002596423728391528, 0.00020853662863373756, 0.00020452207536436617, 0.0001299692812608555, 0.00011795788304880261, 0.00011783072113757953, 0.00011302831262582913, 8.955364319263026e-05
about	145957	roman can you tell us about my boo boo	23	27	,,  about,  what,  to,  from,  now,  with, ?,  why,  for,  again,  all,  on,  is,  without,  of,  that,  how,  I,  who	0.5321441888809204, 0.3433193564414978, 0.019210949540138245, 0.011225800029933453, 0.010537720285356045, 0.0046365950256586075, 0.004276981111615896, 0.0030629849061369896, 0.0026723891496658325, 0.0025344141758978367, 0.0024931952357292175, 0.002481814008206129, 0.0023531285114586353, 0.001907544326968491, 0.0018155175494030118, 0.0017795560415834188, 0.001640494680032134, 0.0016043750802055001, 0.001529715140350163, 0.001464330474846065
about	61422	how about we play with the cars	5	9	 do,  can,  about,  did,  would,  will,  should,  much,  could,  does,  shall,  well,  often,  long,  dare,  best,  might,  must,  hard,  on	0.5936552286148071, 0.1195126324892044, 0.037181273102760315, 0.03660053759813309, 0.036214377731084824, 0.023562312126159668, 0.02054772898554802, 0.018450334668159485, 0.011815591715276241, 0.011585809290409088, 0.007625846657902002, 0.006947750691324472, 0.00651194853708148, 0.004867618903517723, 0.002832463476806879, 0.0024239651393145323, 0.0023803808726370335, 0.0020348364487290382, 0.001804049825295806, 0.0017611973453313112
about	203391	what is this song about what are they talking about	47	51	 about, ?,  on,  to,  at,  with, ,,  for,  and,  in, ?!,  like, ?",  or,  into,  over,  About, ., ?',  doing	0.8904414176940918, 0.06774402409791946, 0.011566690169274807, 0.010597522370517254, 0.00240896875038743, 0.0019033047137781978, 0.0017328215762972832, 0.0014218068681657314, 0.0011729197576642036, 0.0011564147425815463, 0.0011237435974180698, 0.0008314319420605898, 0.0007313978276215494, 0.0004736281407531351, 0.00034492951817810535, 0.00031916331499814987, 0.00021334801567718387, 0.00020232815586496145, 0.00020146326278336346, 0.0001973805483430624
about	56459	here how about that boy doing it	10	14	 was,  is, 's,  about,  did,  does,  goes,  you,  had, 'd,  are,  has,  with,  could,  would,  dare,  he,  were,  else,  can	0.4895181357860565, 0.3501502573490143, 0.07627374678850174, 0.024829760193824768, 0.012077814899384975, 0.0033049911726266146, 0.002778468420729041, 0.0026846001856029034, 0.0017097946256399155, 0.001641708193346858, 0.0015627596294507384, 0.0015216150786727667, 0.0014319163747131824, 0.0013869532849639654, 0.001207212102599442, 0.0010998244397342205, 0.0010188670130446553, 0.000929837697185576, 0.0008095870143733919, 0.0007705369498580694
about	202128	what else do you think about this	24	28	 about,  of,  is,  besides,  like,  in,  on,  with,  after, ,,  before,  than,  by,  for,  and,  to,  from,  into,  regarding,  at	0.631211519241333, 0.22151733934879303, 0.04759182780981064, 0.01948736421763897, 0.012906071729958057, 0.011486651375889778, 0.008679389953613281, 0.003976413514465094, 0.0035719273146241903, 0.00290643866173923, 0.002698336262255907, 0.0025391492526978254, 0.002083367435261607, 0.001731438678689301, 0.0016029226826503873, 0.0015633588191121817, 0.0012504836777225137, 0.0011404018150642514, 0.0010645408183336258, 0.0010292748920619488
above	228921	you can put the two d s right above the two w s	31	35	 and,  into,  between,  over,  on,  in,  with,  to,  through,  against,  behind, ,,  past,  above,  after,  under,  before,  or,  at,  inside	0.12230916321277618, 0.09285173565149307, 0.08956961333751678, 0.08782721310853958, 0.08604572713375092, 0.06856068968772888, 0.06064080819487572, 0.05566050857305527, 0.04078436270356178, 0.03844578564167023, 0.02734679915010929, 0.0201947670429945, 0.019519196823239326, 0.01857089437544346, 0.01813437044620514, 0.013525323010981083, 0.013068201020359993, 0.007375204935669899, 0.007040070835500956, 0.006956313271075487
above	97487	king tritan forbade the mer+people to go above the water but whenever his youngest daughter ariel could she and her best friend flounder would sneak up the surface	42	46	 into,  to,  in,  under,  through,  on,  up,  by,  off,  down,  above,  from,  over,  below,  across,  for,  onto,  around,  with,  near	0.5133097767829895, 0.12038049101829529, 0.10113328695297241, 0.07534066587686539, 0.05155987665057182, 0.021734042093157768, 0.019839618355035782, 0.009007689543068409, 0.008392839692533016, 0.008312624879181385, 0.0083013279363513, 0.006636636797338724, 0.005654608830809593, 0.004885248839855194, 0.003583031939342618, 0.003556630341336131, 0.003476435085758567, 0.003202645340934396, 0.0031093782745301723, 0.003008661326020956
above	129825	oh worship the king all glorious above	34	38	 times,  time, !, .,  day,  way,  glory,  things,  love,  night,  days,  years,  again,  hour,  peace, ,,  dreams,  ways,  deeds,  kings	0.2840343415737152, 0.15317712724208832, 0.09516898542642593, 0.05480816215276718, 0.024880709126591682, 0.01803550124168396, 0.01756977289915085, 0.014945926144719124, 0.014042112976312637, 0.01278200838714838, 0.012218448333442211, 0.011351040564477444, 0.011220038868486881, 0.005393770523369312, 0.004540708847343922, 0.0043767523020505905, 0.004108679946511984, 0.003945784643292427, 0.0035943726543337107, 0.0034917150624096394
above	166990	the legs of a bed her bed towered above her it must have grown	35	39	 over,  above,  before,  around,  upon,  against,  about,  to,  on,  below,  under,  beneath,  towards,  behind,  from,  beside,  toward,  atop,  for,  across	0.8675858974456787, 0.05104987323284149, 0.031506750732660294, 0.007898245938122272, 0.005784357897937298, 0.0043274941854178905, 0.004177998751401901, 0.003302013035863638, 0.0032248543575406075, 0.0018875047098845243, 0.0017785695381462574, 0.0014705440262332559, 0.0013657471863552928, 0.0012901835143566132, 0.0012802152195945382, 0.0010349065996706486, 0.0009106613579206169, 0.0008544117445126176, 0.0008416299242526293, 0.000788631965406239
above	192646	well ring the bell above your head	20	24	 above,  on,  over,  in,  at,  to,  for,  inside,  around,  with,  against,  off,  under,  by,  upon,  about,  below,  into,  from,  before	0.3624858558177948, 0.2778339982032776, 0.15334951877593994, 0.08202667534351349, 0.02633618377149105, 0.02097858116030693, 0.009429501369595528, 0.006951717659831047, 0.006567458622157574, 0.006539203692227602, 0.0060968766920268536, 0.004720538388937712, 0.004262093920260668, 0.00409532617777586, 0.0030757111962884665, 0.002573026344180107, 0.0022131598088890314, 0.0019714273512363434, 0.001958741806447506, 0.0018140797037631273
above	167469	the night watchman was going on his rounds on the floor above	57	61	., ..., ,, …, :,  and, !, ;, .,  when, .",  as, —, ..,  …, </s>, ..., ?, -,  -	0.9505884051322937, 0.010063499212265015, 0.0071624345146119595, 0.006164337508380413, 0.0038912224117666483, 0.0035079182125627995, 0.003336939262226224, 0.0014081693952903152, 0.0013631698675453663, 0.001290289219468832, 0.0007678002002649009, 0.000732195156160742, 0.0005828957073390484, 0.0004590237222146243, 0.0004449205589480698, 0.0004392238915897906, 0.00039297217153944075, 0.0003383473085705191, 0.0002928584872279316, 0.00024347849830519408
above	13975	and what state is right above florida	25	29	,, ?,  in,  for, :,  with,  by,  about,  is,  –,  and,  against,  to, ;,  -,  after,  or,  per,  a,  at	0.3483324944972992, 0.23826180398464203, 0.10828495770692825, 0.04041269049048424, 0.025972507894039154, 0.02392430230975151, 0.0235208198428154, 0.015239311382174492, 0.011153114028275013, 0.010842590592801571, 0.00929231196641922, 0.00851238239556551, 0.008074194192886353, 0.007982585579156876, 0.007805302739143372, 0.006068511866033077, 0.005718126893043518, 0.005628963001072407, 0.005153064616024494, 0.0050606876611709595
above	239235	you need to find the number above the beach ball is twenty seven	29	33	 when,  and, ,,  if,  because, ;,  where,  since,  so, :,  until,  as,  before,  once,  on,  -,  for,  –,  that,  after	0.2770577669143677, 0.11188787966966629, 0.08862766623497009, 0.07037077099084854, 0.06940501928329468, 0.05141865089535713, 0.04981623589992523, 0.037612445652484894, 0.030978597700595856, 0.02998782880604267, 0.028743023052811623, 0.017143579199910164, 0.016321616247296333, 0.01621006801724434, 0.012822168879210949, 0.0120233790948987, 0.011597377248108387, 0.010406816378235817, 0.007682815659791231, 0.005173902027308941
above	101974	let's see what else do you remember this one above florida right above florida	46	50	 with, :, ,,  of,  below, ;,  like,  in,  about,  above,  having,  on, .,  and,  -,  where,  holding,  except,  is,  –	0.2706573009490967, 0.13577353954315186, 0.11856526881456375, 0.0803162157535553, 0.03768278285861015, 0.018296079710125923, 0.017547668889164925, 0.014217204414308071, 0.01415344700217247, 0.012805286794900894, 0.011899594217538834, 0.010794475674629211, 0.010440237820148468, 0.009803375229239464, 0.009153144434094429, 0.009122817777097225, 0.006760211195796728, 0.005901823285967112, 0.005879801698029041, 0.005867999047040939
above	39459	do you like to lay out when the sun is above us is that fun	40	44	 on,  giving,  behind,  above,  making,  with,  around,  in,  over,  inside,  eating,  telling,  watching,  for,  killing,  beneath,  upon,  outside,  below,  beating	0.2993384301662445, 0.11195748299360275, 0.08332686126232147, 0.04292388632893562, 0.03261680155992508, 0.03171886131167412, 0.023219630122184753, 0.021421384066343307, 0.019400469958782196, 0.013013497926294804, 0.011078876443207264, 0.010168981738388538, 0.009801187552511692, 0.008842374198138714, 0.008775687776505947, 0.008145665749907494, 0.00750802643597126, 0.007345302030444145, 0.00722090806812048, 0.006815877743065357
after	212059	why do you think he'd be running after the car	34	38	 to,  into,  from,  in,  for,  around,  towards,  behind,  toward,  off,  by,  inside,  after,  with,  across,  through,  up,  outside,  of,  under	0.22748491168022156, 0.13129453361034393, 0.12212930619716644, 0.11995434015989304, 0.07717341184616089, 0.06662674993276596, 0.05146866664290428, 0.04054686054587364, 0.03243470564484596, 0.020694129168987274, 0.011924154125154018, 0.010561344213783741, 0.009914182126522064, 0.00983341783285141, 0.007609314285218716, 0.006616309285163879, 0.00569645082578063, 0.0053683980368077755, 0.005266552325338125, 0.0040309838950634
after	46891	dya want me to read it to ya after after lunch	30	34	 right,  sometime,  tomorrow,  again, ,,  later,  until,  just,  for,  soon,  yourself,  till,  here,  about,  anytime,  shortly,  tonight,  more,  Friday,  please	0.33712026476860046, 0.12404314428567886, 0.044312287122011185, 0.043311066925525665, 0.04300132393836975, 0.02435428649187088, 0.024228518828749657, 0.020039720460772514, 0.016607437282800674, 0.01483805850148201, 0.011979777365922928, 0.011188125237822533, 0.010545853525400162, 0.010150590911507607, 0.010042097419500351, 0.009595317766070366, 0.009134565480053425, 0.006167699117213488, 0.0058456724509596825, 0.005587811581790447
after	194514	well what happens after she gets to the ball	19	23	 when,  if,  once,  after,  before,  and,  until,  as, ,,  whenever,  where,  till,  since,  that,  to,  then,  so,  how,  while,  unless	0.6682389974594116, 0.15757714211940765, 0.0509936586022377, 0.035759709775447845, 0.0277031771838665, 0.011227401904761791, 0.009611369110643864, 0.006970289163291454, 0.006449420936405659, 0.004796158988028765, 0.004029418341815472, 0.001870586071163416, 0.0008961117127910256, 0.000721194373909384, 0.0006811657221987844, 0.0006441368605010211, 0.0006064789486117661, 0.0005754355806857347, 0.0005153677193447948, 0.0005049667088314891
after	43802	do you want to play ball after supper	26	30	 for,  at,  after,  or,  with,  during,  before,  in,  and,  until, ?,  to,  of,  over,  without,  by,  your, ,,  outside,  about	0.35617342591285706, 0.22897151112556458, 0.11088379472494125, 0.052909061312675476, 0.038169268518686295, 0.03721112385392189, 0.02726368047297001, 0.025844434276223183, 0.016591861844062805, 0.01471158117055893, 0.014379724860191345, 0.011038173921406269, 0.004689760971814394, 0.004679503384977579, 0.00442883837968111, 0.004143600817769766, 0.003921870142221451, 0.003368296194821596, 0.0024192561395466328, 0.002412567613646388
after	82226	i'll switch with you after a little bit	22	26	 in,  for,  just, ,,  only,  after,  again,  quite,  here,  guys,  around,  maybe,  even,  about,  there,  with,  at,  back,  sometime,  later	0.40036141872406006, 0.2504955530166626, 0.22911064326763153, 0.02125702239573002, 0.012092571705579758, 0.008691668510437012, 0.004103228449821472, 0.003872048109769821, 0.0032892997842282057, 0.0031429522205144167, 0.003054451197385788, 0.002464725635945797, 0.0024242352228611708, 0.0019668599124997854, 0.0019018931780010462, 0.001875695656053722, 0.0018597948364913464, 0.0017255132552236319, 0.001498488592915237, 0.0012901995796710253
after	105899	manuela she is goin after this microphone today like	21	25	', ',,  on,  to,  in,  with, �,  up,  over,  for, ,',  out,  round,  by,  of,  like, ,,  around,  into,  me	0.8077762722969055, 0.04985436052083969, 0.01774921827018261, 0.014826676808297634, 0.01178127620369196, 0.00651165097951889, 0.006454634014517069, 0.005887456238269806, 0.005719109904021025, 0.004772019572556019, 0.0041624754667282104, 0.0031951656565070152, 0.0019006282091140747, 0.0015439955750480294, 0.001518099452368915, 0.0014811730943620205, 0.0013354034163057804, 0.0011406145058572292, 0.0010686441091820598, 0.0010368189541622996
after	187218	we'll come play with it after we eat lunch okay	25	29	 when,  until,  if,  after,  while,  once,  and,  before,  till, ,,  so,  as, ;,  since,  but,  whilst,  whenever,  like,  that,  where	0.21686981618404388, 0.19677025079727173, 0.18019872903823853, 0.10345811396837234, 0.09632492065429688, 0.0547170490026474, 0.03747611865401268, 0.023845501244068146, 0.022730590775609016, 0.016006959602236748, 0.01576901786029339, 0.005746195558458567, 0.003365171840414405, 0.0028626294806599617, 0.0027727915439754725, 0.0018262407975271344, 0.0015388523461297154, 0.0012306158896535635, 0.0010856419103220105, 0.0009930036030709743
after	105936	mark after it gets to your foot what happens to it then	6	10	 if,  when,  If,  once,  When,  before,  until, If,  after, When,  as,  time,  that, ,,  Once,  how,  till,  unless,  and,  then	0.5921171307563782, 0.12222325801849365, 0.06824276596307755, 0.02873104251921177, 0.023321177810430527, 0.022847086191177368, 0.022744497284293175, 0.015432950109243393, 0.007737310603260994, 0.006093512289226055, 0.005788477137684822, 0.005697500891983509, 0.005480372812598944, 0.005267237313091755, 0.00433175265789032, 0.003706855233758688, 0.003432696918025613, 0.0033704708330333233, 0.002925189444795251, 0.0016796909039840102
after	198956	what did you do yesterday after you came in with from the mud	27	31	 that,  when, ,,  which, ?,  after,  what,  and,  before,  if,  thing,  all,  because,  as,  since,  who, ?",  while,  than,  until	0.5821194052696228, 0.19518353044986725, 0.04152218997478485, 0.03413679078221321, 0.021620294079184532, 0.01702670194208622, 0.009255695156753063, 0.008602469228208065, 0.005343590397387743, 0.004624637775123119, 0.003149581141769886, 0.003061868716031313, 0.0026035401970148087, 0.002570886630564928, 0.0024346234276890755, 0.0023699922021478415, 0.002099048113450408, 0.001847843173891306, 0.0015930095687508583, 0.0014637751737609506
after	1749	after eating all that pizza do you think that daddy can do that	1	5	After, Without, When, By, Why, And, Stop, Besides, Just, While, But, Not, For, In, Still, Before, From, Like, Since, No	0.2505994439125061, 0.16465838253498077, 0.05551142245531082, 0.04975874349474907, 0.04015698283910751, 0.03550552949309349, 0.029330654069781303, 0.029195694252848625, 0.02847599983215332, 0.026781586930155754, 0.026267217472195625, 0.02439814992249012, 0.015444410033524036, 0.014674217440187931, 0.013744667172431946, 0.012046946212649345, 0.01159677654504776, 0.00896091852337122, 0.008246922865509987, 0.00682523800060153
airplane	247342	you're going as fast as an airplane	28	35	 hour,  arrow,  airplane,  earthquake,  engine,  eagle,  elevator,  automobile,  avalanche,  asteroid,  am,  elephant,  apple,  Am,  aircraft,  idiot,  airport,  adult,  ax,  artery	0.3584459125995636, 0.16882753372192383, 0.06593888252973557, 0.044057298451662064, 0.035832881927490234, 0.019061142578721046, 0.01642717234790325, 0.01484678778797388, 0.014042600989341736, 0.010866389609873295, 0.010294195264577866, 0.009876811876893044, 0.009441342204809189, 0.009278635494410992, 0.008863325230777264, 0.0069143930450081825, 0.0066972700878977776, 0.004832579288631678, 0.004636670462787151, 0.003643486648797989
airplane	101875	let's see that one belongs to your airplane	36	43	 family,  heart,  people,  kind,  soul,  destiny,  side,  generation,  race,  own,  country,  group,  world,  body,  community,  species,  class,  time,  tribe,  choice	0.12955112755298615, 0.04625379666686058, 0.04397401586174965, 0.02488674782216549, 0.020199138671159744, 0.020000895485281944, 0.018398331478238106, 0.01511047501116991, 0.013117383234202862, 0.01251937448978424, 0.012172691524028778, 0.01163953635841608, 0.011521334759891033, 0.010568966157734394, 0.010294086299836636, 0.010290106758475304, 0.009426582604646683, 0.008088123984634876, 0.0075233750976622105, 0.007100180257111788
airplane	217081	wouldn't that be nice if you could take go up in the airplane	54	61	 street,  bush,  morning,  back,  mountains,  park,  gym,  water,  sky,  night,  pool,  desert,  sun,  middle,  air,  car,  yard,  garden,  house,  hills	0.029262609779834747, 0.02873273938894272, 0.02870633639395237, 0.023382453247904778, 0.022877957671880722, 0.01861386187374592, 0.017237933352589607, 0.016516197472810745, 0.01509118266403675, 0.01344376988708973, 0.012790929526090622, 0.012691468000411987, 0.012250308878719807, 0.011978507041931152, 0.010984200052917004, 0.01069390494376421, 0.010511858388781548, 0.010351521894335747, 0.009982380084693432, 0.009112780913710594
airplane	236828	you know soon i think we'll take an airplane down to visit aunt jill and uncle steve when aunt jill has her new baby	37	44	 hour,  afternoon,  evening,  appointment,  opportunity,  invitation,  extra,  elephant,  outing,  ambulance,  early,  invite,  army,  ox,  excuse,  escort,  aunt,  adventure,  example,  apple	0.2657216489315033, 0.09877780824899673, 0.06624416261911392, 0.04695287346839905, 0.04271244257688522, 0.030118202790617943, 0.023818282410502434, 0.022936420515179634, 0.021046096459031105, 0.019408535212278366, 0.014174152165651321, 0.012878380715847015, 0.010105609893798828, 0.010077526792883873, 0.010052992030978203, 0.009850616566836834, 0.009066916070878506, 0.007512279786169529, 0.006513387896120548, 0.00618869811296463
airplane	19675	because a nice airplane lady came by with a tray of food	16	23	 old,  young,  looking,  elderly,  little,  nice,  cleaning,  pretty,  lady,  older,  business,  blonde,  ladies,  English,  country,  Asian,  new,  attractive,  friendly,  French	0.35842499136924744, 0.32930439710617065, 0.05750906839966774, 0.03901581093668938, 0.037230707705020905, 0.01542398240417242, 0.011893567629158497, 0.009066340513527393, 0.00790240429341793, 0.00663739163428545, 0.004353731870651245, 0.004240843001753092, 0.003877039533108473, 0.003808114444836974, 0.003105769632384181, 0.0028449741657823324, 0.002653164556249976, 0.002554182196035981, 0.002429074142128229, 0.0021973943803459406
airplane	87989	is he going driving in an airplane in a truck in a car	27	34	 SUV,  RV,  automobile,  alley,  Audi,  ambulance,  apartment,  elevator,  hour,  outfit,  airplane,  engine,  order,  accident,  aisle,  interview,  emergency,  Uber,  truck,  inn	0.37620633840560913, 0.18705140054225922, 0.07501751184463501, 0.051933083683252335, 0.03246138244867325, 0.021474968641996384, 0.01833244599401951, 0.018070995807647705, 0.01325990166515112, 0.011119412258267403, 0.010975047945976257, 0.009879978373646736, 0.009576570242643356, 0.009349189698696136, 0.008246555924415588, 0.008076070807874203, 0.0056325457990169525, 0.005367298610508442, 0.0048951948992908, 0.0041025797836482525
airplane	192310	well melissa was having fun with it you were playing with the airplane	63	70	 game,  ball,  kids,  girls,  girl,  others,  other,  baby,  piano,  games,  mouse,  world,  music,  fun,  strings,  computer,  cards,  water,  children,  boys	0.031265079975128174, 0.027559146285057068, 0.026721445843577385, 0.023365836590528488, 0.01996958814561367, 0.012351488694548607, 0.009565449319779873, 0.00934833474457264, 0.009214973077178001, 0.009123455733060837, 0.008763985708355904, 0.008000914007425308, 0.00789397582411766, 0.0068868533708155155, 0.006813471205532551, 0.006425283383578062, 0.006387175992131233, 0.006374250631779432, 0.006328525487333536, 0.005575110204517841
airplane	53166	he is taking all the suitcases and putting them on airplane	52	59	., ,,  display,  them,  fire,  and, !,  top,  again,  him, ..., ;,  board,  shelves,  it,  himself,  floor,  stage,  that, …	0.7620165944099426, 0.01995263248682022, 0.014446301385760307, 0.013417497277259827, 0.012579414062201977, 0.00958600826561451, 0.007471809163689613, 0.006836178712546825, 0.006109360605478287, 0.0050130500458180904, 0.004428819753229618, 0.004332968965172768, 0.004318470135331154, 0.0040971566922962666, 0.004017356317490339, 0.003778457175940275, 0.003362916875630617, 0.002847162541002035, 0.002593852346763015, 0.002473332453519106
airplane	105836	mama would you set the airplane right here	24	31	 table,  trap,  scene,  key,  date,  meeting,  situation,  thing,  stage,  tone,  rules,  bar,  house,  fire,  price,  place,  door,  order,  sun,  line	0.08259761333465576, 0.06888020038604736, 0.04020579159259796, 0.03465833514928818, 0.020873403176665306, 0.01861966773867607, 0.018553897738456726, 0.016766685992479324, 0.016521412879228592, 0.016453878954052925, 0.014736170880496502, 0.014246036298573017, 0.012654909864068031, 0.012621114030480385, 0.012417375110089779, 0.011457058601081371, 0.010604038834571838, 0.010448443703353405, 0.009296220727264881, 0.008599746972322464
airplane	244041	you want me to bring the airplane out tomorrow maybe	26	33	 kids,  girls,  car,  boys,  food,  others,  baby,  children,  phone,  truck,  house,  book,  girl,  cat,  lights,  stuff,  coffee,  flowers,  twins,  things	0.041158828884363174, 0.0385398268699646, 0.034153252840042114, 0.024416526779532433, 0.014522884972393513, 0.012549346312880516, 0.011982643976807594, 0.011906931176781654, 0.011850622482597828, 0.011588850058615208, 0.011276476085186005, 0.010784342885017395, 0.010291188955307007, 0.010166061110794544, 0.008035959675908089, 0.007942238822579384, 0.007360963150858879, 0.007289981469511986, 0.006361803971230984, 0.0056528933346271515
all	91060	it has all the parts you can make	8	10	 all,  been,  just,  of,  only,  about,  become,  half,  in,  many,  for,  as,  to,  on,  exactly, ,,  All,  everything,  got,  some	0.9851519465446472, 0.0019306179601699114, 0.0016371351666748524, 0.0010232740314677358, 0.0008792662993073463, 0.0007527550915256143, 0.0007056443719193339, 0.0006295049097388983, 0.0003869308275170624, 0.0003240419609937817, 0.00031318512628786266, 0.0002912271302193403, 0.00019547143892850727, 0.0001839242468122393, 0.00017979821132030338, 0.00017044442938640714, 0.00017039325030054897, 0.00016385354683734477, 0.00015737247304059565, 0.00015061131853144616
all	184821	we gonna take these all into your room and put them in the book case where is naima	21	23	 books,  things,  two,  all,  clothes,  items,  back,  up,  boxes,  girls,  cases,  bags,  down,  pages,  pictures,  book,  guys,  out,  letters,  papers	0.49014151096343994, 0.22579893469810486, 0.025090612471103668, 0.01956290751695633, 0.019386617466807365, 0.010389326140284538, 0.010159377008676529, 0.008524967357516289, 0.008470630273222923, 0.007397613022476435, 0.006398353260010481, 0.0058121709153056145, 0.005197703372687101, 0.0051269824616611, 0.005110444035381079, 0.004790618550032377, 0.00429208017885685, 0.003875338239595294, 0.003341607516631484, 0.0031767257023602724
all	69319	i gave em all to you there's no more honey	11	13	,, il,  -,  and,  back,  down,  up,  over,  out, ma,  thanks, o,  but, esis, ..., em,  here, inence, as, ra	0.07225967943668365, 0.04085908457636833, 0.031124891713261604, 0.025394093245267868, 0.01785491593182087, 0.01752828247845173, 0.016702381893992424, 0.016626304015517235, 0.01659538224339485, 0.015045172534883022, 0.014566437341272831, 0.014555813744664192, 0.013140076771378517, 0.012139866128563881, 0.012088888324797153, 0.011964792385697365, 0.010140911675989628, 0.010073934681713581, 0.009753531776368618, 0.009690004400908947
all	105469	maisie i want to tell me what happens when you go to mcdonalds the first thing you hafta do and the next thing you hafta do and the next thing until you're all done at mcdonalds	157	159	 all,  finally,  almost,  really,  completely,  nearly,  both,  not,  done,  halfway,  fucking,  officially,  getting,  absolutely,  half,  well,  even,  fully,  already,  totally	0.5066264271736145, 0.09648335725069046, 0.05879461020231247, 0.03760609030723572, 0.023791922256350517, 0.02143734134733677, 0.0158090740442276, 0.014943798072636127, 0.014907614327967167, 0.01422877050936222, 0.013440909795463085, 0.011861697770655155, 0.01132330484688282, 0.010525290854275227, 0.010196014307439327, 0.009809976443648338, 0.009272392839193344, 0.008904137648642063, 0.007338446099311113, 0.007025879807770252
all	74182	i see what this is all about	20	22	 all,  really,  talking,  All,  actually,  not,  just,  truly,  ,  mostly,  going,  mainly,  so,  getting,  something,  about,  probably,  basically,  also,  supposedly	0.9623616337776184, 0.03619612008333206, 0.0003294116468168795, 0.00023764085199218243, 0.0001656599051784724, 7.791359530529007e-05, 4.9598162149777636e-05, 4.749808431370184e-05, 3.5287983337184414e-05, 3.0352797693922184e-05, 2.8335365641396493e-05, 2.2013584384694695e-05, 2.121534816978965e-05, 2.085333653667476e-05, 1.919128953886684e-05, 1.8601031115395017e-05, 1.4881563402013853e-05, 1.3146415767550934e-05, 1.183029144158354e-05, 9.20213005883852e-06
all	146426	ruby put all the toys in the toy chest	10	12	 all,  away,  out,  up,  in,  down,  both,  half,  together,  back,  some,  everything,  aside,  the,  off,  All,  on,  most,  only,  them	0.9903851747512817, 0.002263522008433938, 0.001247977139428258, 0.0010656083468347788, 0.0007849799003452063, 0.0006689911242574453, 0.0005632218671962619, 0.0003476116107776761, 0.00029269346850924194, 0.00023997040989343077, 0.00020055040658917278, 0.0001764695334713906, 0.0001569670857861638, 0.0001180876643047668, 0.00010274615488015115, 9.167569078272209e-05, 8.592306403443217e-05, 8.246961806435138e-05, 7.395920692943037e-05, 5.5038082791725174e-05
all	217679	xxx brian i was gonna eat them all up	32	34	 all,  both,  right,  fuck,  clean,  fucking,  straight,  fucked,  back,  two,  cleaned,  shit,  mixed,  half,  one,  growing,  grow,  heads,  guys,  whole	0.6553933620452881, 0.20117416977882385, 0.022103097289800644, 0.007577484007924795, 0.0056245094165205956, 0.005187590140849352, 0.004666879307478666, 0.0040024761110544205, 0.003839219454675913, 0.0030724098905920982, 0.002833826234564185, 0.0026329648680984974, 0.0025074221193790436, 0.0021902446169406176, 0.0014486528234556317, 0.0014296019216999412, 0.001297066337428987, 0.0012651272118091583, 0.0012210385175421834, 0.00115415349137038
all	133208	okay can you stack em all up	23	25	as, es, bers, o, powers, bs, self, ils, s, me, us, ps, blems, em, esis, u, ma, os, otions, it	0.07173720747232437, 0.062369417399168015, 0.05925455689430237, 0.045523036271333694, 0.026997806504368782, 0.026969371363520622, 0.023193487897515297, 0.02192460373044014, 0.019720114767551422, 0.018910232931375504, 0.016826217994093895, 0.01641410030424595, 0.015851980075240135, 0.014091959223151207, 0.013419251888990402, 0.012096145190298557, 0.011781955137848854, 0.010244290344417095, 0.009074232541024685, 0.009032057598233223
all	172190	these are all things we can see when we go to mcdonalds	11	13	 some,  the,  other,  many,  two,  several,  more,  certain,  three,  those,  important,  good,  few,  these,  all,  also,  four,  really,  always,  only	0.5725992321968079, 0.1564353108406067, 0.03632032126188278, 0.03333216533064842, 0.027151837944984436, 0.014811568893492222, 0.014247733168303967, 0.012040548957884312, 0.011982311494648457, 0.010488761588931084, 0.00807264819741249, 0.007616489659994841, 0.0074772341176867485, 0.006818095222115517, 0.006729266606271267, 0.006270045880228281, 0.004614603705704212, 0.002666597254574299, 0.0025637666694819927, 0.0024764586705714464
all	155724	so what should we do with all that money	27	29	 all,  just,  taking,  making,  getting,  using,  wasting,  spending,  losing,  half,  having,  sharing,  earning,  raising,  keeping,  holding,  you,  only,  giving,  stealing	0.8954879641532898, 0.01487901620566845, 0.014857136644423008, 0.007956807501614094, 0.006330013275146484, 0.004926853347569704, 0.0041447849944233894, 0.0033485721796751022, 0.0028603640384972095, 0.0023831662256270647, 0.002323176246136427, 0.001686671981588006, 0.0014793844893574715, 0.0012862575240433216, 0.0012305217096582055, 0.0012007850455120206, 0.00114501325879246, 0.0010430010734125972, 0.001005034428089857, 0.0008825993281789124
alligator	165909	the boy likes mister alligator and the old lady	22	30	,, ie, y,  Mary,  Annie,  Maggie,  Kate,  girls,  Bella,  Teresa,  Mia,  Elizabeth,  Sophie,  Julia, ia,  girl,  Belle,  Penny,  Lucy,  Alice	0.09239983558654785, 0.02602466754615307, 0.022020379081368446, 0.012947105802595615, 0.012395426630973816, 0.012057687155902386, 0.010616423562169075, 0.010197133757174015, 0.008621987886726856, 0.007222979329526424, 0.0067368377931416035, 0.006663665175437927, 0.0066481768153607845, 0.006465957500040531, 0.00644710985943675, 0.006416205316781998, 0.0061729648150503635, 0.006167639046907425, 0.0053801159374415874, 0.005212361924350262
alligator	107559	maybe you better find some other food for the alligator	47	55	 night,  day,  evening,  afternoon,  trip,  morning,  dinner,  weekend,  meal,  party,  kids,  summer,  week,  lunch,  starving,  family,  guests,  table,  future,  picnic	0.16976690292358398, 0.157273069024086, 0.12805551290512085, 0.03481628745794296, 0.030375590547919273, 0.026911074295639992, 0.01815432496368885, 0.017825257033109665, 0.01481697242707014, 0.013483856804668903, 0.01142470259219408, 0.009935840964317322, 0.0083716856315732, 0.007326418533921242, 0.007258562371134758, 0.006167847663164139, 0.00572220329195261, 0.00554452370852232, 0.005466482602059841, 0.0053916084580123425
alligator	9642	and the bird's reading and the alligator the alligator is reading	32	40	 bird,  way,  fish,  one,  animal,  thing,  book,  snake,  birds,  reading,  cat,  game,  word,  dog,  fact,  owl,  direction,  mouse,  frog,  things	0.19437411427497864, 0.05104689672589302, 0.046601228415966034, 0.03439154103398323, 0.021852120757102966, 0.018472356721758842, 0.013604115694761276, 0.011429350823163986, 0.011378051713109016, 0.011234002187848091, 0.011016023345291615, 0.010595420375466347, 0.008889764547348022, 0.008343348279595375, 0.007696006912738085, 0.006524998228996992, 0.006351195741444826, 0.0062078554183244705, 0.006020940840244293, 0.00576574495062232
alligator	119394	now the camel wants the alligator to ride in the boat	25	33	 camel,  chance,  opportunity,  man,  girl,  right,  woman,  men,  freedom,  driver,  people,  women,  money,  horse,  time,  rest,  best,  donkey,  crew,  horses	0.5065001249313354, 0.07463748753070831, 0.03486781194806099, 0.024550847709178925, 0.020521432161331177, 0.020400727167725563, 0.01895921491086483, 0.01592390052974224, 0.011117941699922085, 0.009753413498401642, 0.00881315115839243, 0.007187855429947376, 0.006840018089860678, 0.005738533101975918, 0.0053581297397613525, 0.004259849898517132, 0.0035816202871501446, 0.0034533452708274126, 0.0034201606176793575, 0.0033504299353808165
alligator	49582	get your alligator right there look get your alligator	46	54	 ass,  bearings,  gun,  attention,  dog,  water,  car,  shit,  gear,  guns,  revenge,  drink,  back,  fish,  breath,  picture,  message,  rifle,  man,  things	0.0987856388092041, 0.04429665952920914, 0.03965453803539276, 0.028024129569530487, 0.027946440503001213, 0.02558867260813713, 0.0217254851013422, 0.020842168480157852, 0.018149543553590775, 0.014736060984432697, 0.010052843950688839, 0.009104335680603981, 0.008828205987811089, 0.008709549903869629, 0.008554407395422459, 0.00798147451132536, 0.0078109027817845345, 0.007709837984293699, 0.007320741657167673, 0.00722875539213419
alligator	83710	i'm gonna put the alligator clip it's gonna take	19	27	 next,  big,  first,  last,  extra,  little,  whole,  video,  short,  biggest,  same,  best,  fucking,  exact,  new,  top,  good,  damn,  entire,  movie	0.11585591733455658, 0.05737444758415222, 0.05275718495249748, 0.044581811875104904, 0.04213166981935501, 0.04172346740961075, 0.023166244849562645, 0.02072511427104473, 0.020178265869617462, 0.01791410706937313, 0.014849445782601833, 0.014829238876700401, 0.014749436639249325, 0.014297048561275005, 0.00962040014564991, 0.009076643735170364, 0.008513782173395157, 0.008475739508867264, 0.008411841467022896, 0.007958689704537392
alligator	97763	laura i think bwww's alligator are disappointed that he didn't get invited	22	30	 friends,  we,  they,  people,  parents,  i, ,,  kids,  fans,  you,  who,  family,  mates,  guys,  I,  girls,  sisters,  mum,  daughters,  wife	0.1194334477186203, 0.06077609211206436, 0.053858496248722076, 0.05131431668996811, 0.04746459051966667, 0.019169136881828308, 0.018530940636992455, 0.017127739265561104, 0.01686861552298069, 0.014385493472218513, 0.01352847833186388, 0.012207296676933765, 0.010188470594584942, 0.009007248096168041, 0.008733360096812248, 0.008462943136692047, 0.008037012070417404, 0.008003617636859417, 0.0077848718501627445, 0.006124855484813452
alligator	121543	oh because this is a alligator clip	22	30	 short,  video,  good,  big,  quick,  long,  nice,  new,  simple,  perfect,  great,  real,  movie,  bonus,  clip,  film,  fast,  straight,  free,  beautiful	0.09550962597131729, 0.07324862480163574, 0.06967926770448685, 0.05310937389731407, 0.028513634577393532, 0.02247500792145729, 0.01657196134328842, 0.0140296695753932, 0.01194427814334631, 0.011766020208597183, 0.010593068785965443, 0.009661356918513775, 0.00930857565253973, 0.008430756628513336, 0.00723446998745203, 0.00719040771946311, 0.006375261582434177, 0.006366816349327564, 0.005415376275777817, 0.005345691926777363
alligator	110633	mr alligator will you ask the old lady where she'll sit down	4	12	,,  how,  then,  why, Why, ...,  else,  How, :,  When,  where,  first,  when,  now,  Why,  or, ;, …,  me,  Or	0.743128776550293, 0.02009921707212925, 0.01584358885884285, 0.011794059537351131, 0.011724194511771202, 0.008014275692403316, 0.005868001375347376, 0.005671445745974779, 0.005375916603952646, 0.0046316212974488735, 0.0043691848404705524, 0.004362454172223806, 0.00416335416957736, 0.003976342733949423, 0.003928615245968103, 0.0036844753194600344, 0.003435800550505519, 0.0033357052598148584, 0.003239332465454936, 0.003174773184582591
alligator	73974	i see a crocodile or and alligator over here	26	34	 deer,  from,  something,  all,  animals,  turtle,  snakes,  the,  anything,  birds,  more,  come,  mouse,  turtles,  what,  dog, /, ,,  is,  maybe	0.04059627652168274, 0.023562146350741386, 0.02048044092953205, 0.016732778400182724, 0.010666880756616592, 0.010015677660703659, 0.009687348268926144, 0.009324658662080765, 0.008944238536059856, 0.008934392593801022, 0.008756565861403942, 0.008432048372924328, 0.008239041082561016, 0.007826805114746094, 0.007345881313085556, 0.006840202957391739, 0.006590255536139011, 0.006481067277491093, 0.006082119420170784, 0.005968327168375254
animal	66803	i don't know what kind of an animal that is	30	35	 idiot,  animal,  adult,  asshole,  ass,  environment,  object,  actor,  item,  alien,  enemy,  artist,  individual,  issue,  excuse,  insect,  owl,  offense,  angel,  obsession	0.10301132500171661, 0.05207441747188568, 0.036046821624040604, 0.03521838039159775, 0.022260112687945366, 0.018298747017979622, 0.01785282976925373, 0.015429618768393993, 0.014961945824325085, 0.01302926056087017, 0.012032056227326393, 0.011564805172383785, 0.010838443413376808, 0.01056673377752304, 0.010548046790063381, 0.00968247838318348, 0.009317073971033096, 0.008636720478534698, 0.0077998884953558445, 0.007017406634986401
animal	43869	do you want to play with your animal puzzle	31	36	 own,  puzzle,  little, igsaw,  stupid,  favorite,  solved,  next,  personal,  mystery,  new,  family,  big,  old,  life,  missing,  paper,  first,  chess,  mental	0.1867450326681137, 0.09637511521577835, 0.06042342260479927, 0.044710926711559296, 0.022804701700806618, 0.015996938571333885, 0.015210247598588467, 0.01510765589773655, 0.013045528903603554, 0.01170643325895071, 0.010419785045087337, 0.009728753007948399, 0.009207300841808319, 0.00859150756150484, 0.008490988984704018, 0.007577982265502214, 0.006493230815976858, 0.006404357496649027, 0.0063306293450295925, 0.006086269393563271
animal	27325	can you find another animal with stripes	22	27	 color,  room,  painting,  one,  band,  girl,  flower,  stripe,  star,  tree,  car,  picture,  place,  man,  woman,  person,  house,  plane,  street,  area	0.05229151248931885, 0.04570482298731804, 0.024174658581614494, 0.02384674735367298, 0.022718308493494987, 0.021257484331727028, 0.019745416939258575, 0.019286174327135086, 0.015575923956930637, 0.01535582821816206, 0.014255760237574577, 0.01361914724111557, 0.011762297712266445, 0.011251591145992279, 0.010618448257446289, 0.010484311729669571, 0.0095371063798666, 0.009392493404448032, 0.00818564835935831, 0.007821626961231232
animal	168215	the smallest airplane the slowest animal in the world is the three toed	35	40	 down,  thing,  flight,  speed,  moving,  time,  airplane,  one,  flying,  rate, ,,  ever,  in,  way,  movement,  and,  move,  aircraft,  fastest,  up	0.16808132827281952, 0.06812229752540588, 0.06058508902788162, 0.04033151641488075, 0.03585168719291687, 0.029409149661660194, 0.028930239379405975, 0.027155254036188126, 0.02485949732363224, 0.016090206801891327, 0.015887385234236717, 0.01346371229737997, 0.013300797902047634, 0.011520270258188248, 0.011480162851512432, 0.010435286909341812, 0.009255826473236084, 0.008487919345498085, 0.00840961467474699, 0.008347628638148308
animal	139220	on the bus our teacher told us about some of the animal exhibits that we should see	50	55	 new,  art,  other,  interesting,  museum,  old,  wonderful,  special,  different,  various,  upcoming,  temporary,  big,  great,  exhibits,  small,  exhibit,  historical,  many,  early	0.15698394179344177, 0.12608131766319275, 0.10232914984226227, 0.03110949508845806, 0.026001734659075737, 0.020998571068048477, 0.01984957791864872, 0.01623467169702053, 0.016142887994647026, 0.014954688958823681, 0.01210078876465559, 0.011430625803768635, 0.010387564077973366, 0.008919039741158485, 0.008106973022222519, 0.008091733790934086, 0.008074415847659111, 0.007426411844789982, 0.006764920428395271, 0.006329922471195459
animal	128595	oh this is the cutest animal i've ever seen	23	28	 scene,  picture,  thing,  movie,  film,  story,  image,  cut,  sight,  shot,  day,  face,  book,  man,  photograph,  camera,  moment,  news,  painting,  smile	0.2009844183921814, 0.16456517577171326, 0.0536477193236351, 0.049094464629888535, 0.03595457226037979, 0.029907088726758957, 0.021734094247221947, 0.015788579359650612, 0.011901830323040485, 0.011186323128640652, 0.008723407052457333, 0.00846210215240717, 0.008192905224859715, 0.007465575356036425, 0.006997118704020977, 0.005776348523795605, 0.00551176443696022, 0.004912989679723978, 0.004777430556714535, 0.0045075141824781895
animal	38602	do you know what animal's inside the pot	18	23	 that,  it,  else,  stuff,  really,  exactly,  about,  he,  secret,  there,  inside,  shit,  kind,  actually,  she,  what,  food, 's,  sort,  one	0.27068522572517395, 0.18404705822467804, 0.1653837412595749, 0.11401724815368652, 0.04348113387823105, 0.0255941953510046, 0.0071821194142103195, 0.006202750373631716, 0.005766456481069326, 0.005367961246520281, 0.00535008916631341, 0.0051649995148181915, 0.0048185233026742935, 0.0047433688305318356, 0.0046502333134412766, 0.004409782588481903, 0.003726252820342779, 0.0033109013456851244, 0.0028800745494663715, 0.0025331536307930946
animal	169195	then one by one each animal who'd been there at the dance	22	27	,,  one,  of,  person,  man,  those,  girl,  woman,  for,  about, :,  –,  to,  from,  boy,  member, ;,  -,  team,  two	0.3246242105960846, 0.17461614310741425, 0.1569724678993225, 0.02742990106344223, 0.022021373733878136, 0.015895789489150047, 0.011386305093765259, 0.009371886029839516, 0.008285431191325188, 0.007991883903741837, 0.0067434161901474, 0.006030358374118805, 0.005662496667355299, 0.005577007308602333, 0.0050779907032847404, 0.004447368439286947, 0.00433261739090085, 0.0039003374986350536, 0.00386199913918972, 0.0037231126334518194
animal	196465	what animal did we see at the restaurant yesterday remember	6	11	 else,  exactly,  , ,,  happened,  people,  what, What,  time,  we,  little,  you, ?,  more,  anyone,  What,  much,  man,  pictures,  day	0.4458373486995697, 0.06777612119913101, 0.019289648160338402, 0.01702246256172657, 0.013284184038639069, 0.011438081972301006, 0.011388253420591354, 0.011123363859951496, 0.00858129933476448, 0.007858426310122013, 0.007815873250365257, 0.006932749412953854, 0.006443940103054047, 0.005924089811742306, 0.005752364173531532, 0.005575377494096756, 0.005432449281215668, 0.005289137829095125, 0.004622602369636297, 0.004616742487996817
animal	200467	what do you think each animal is about to do	24	29	 other,  individual,  person,  species,  one,  member,  party,  family,  man,  character,  group,  generation,  team,  partner,  child,  parent,  mate,  woman,  country,  friend	0.18224680423736572, 0.08823265135288239, 0.07520563900470734, 0.06573937088251114, 0.04233229160308838, 0.0421600341796875, 0.020873745903372765, 0.019683292135596275, 0.019071288406848907, 0.018647829070687294, 0.01633879542350769, 0.014536724425852299, 0.014090115204453468, 0.013183488510549068, 0.012042947113513947, 0.01172143965959549, 0.009143054485321045, 0.006647956557571888, 0.005998097360134125, 0.005367371719330549
ankle	4739	and an ankle bangle like you had at the hospital	8	12	 arm,  awkward,  easy,  emotional,  old,  extra,  open,  endless,  empty,  ugly,  explosive,  imaginary,  intimate,  epic,  invisible,  uncomfortable,  inverted,  intellectual,  impossible,  amazing	0.08254657685756683, 0.0632379800081253, 0.05797014385461807, 0.0517149344086647, 0.0408182218670845, 0.026282740756869316, 0.025759348645806313, 0.02463282272219658, 0.02216830477118492, 0.01974049210548401, 0.01853703148663044, 0.017732325941324234, 0.01459098607301712, 0.010967985726892948, 0.010914894752204418, 0.010393275879323483, 0.010241231881082058, 0.010043838061392307, 0.009057278744876385, 0.008886805735528469
ankle	32974	daddy told me she sprained her ankle	32	36	 ankle,  nose,  leg,  knee,  foot,  toe,  neck,  calf,  hand,  shoulder,  hands,  arm, .,  back,  feet,  knees,  wrist,  thumb,  fingers,  legs	0.6132378578186035, 0.06268354505300522, 0.05505751073360443, 0.04737937077879906, 0.020334070548415184, 0.012882236391305923, 0.012285681441426277, 0.011986466124653816, 0.011547517962753773, 0.007871554233133793, 0.006550658028572798, 0.005976798012852669, 0.005748274270445108, 0.005706386175006628, 0.00510382279753685, 0.004560444038361311, 0.004364640451967716, 0.003762852633371949, 0.0036787481512874365, 0.003666964825242758
ankle	83530	i'm gonna make a bow on naima's ankle	33	37	 head,  ass,  back, .,  neck,  arm,  shoulder,  finger,  chest,  knee,  leg,  tail,  hand,  face,  forehead,  lap,  shoulders,  feet,  body,  side	0.12792730331420898, 0.08815647661685944, 0.06736090034246445, 0.05839109048247337, 0.046688638627529144, 0.02817588485777378, 0.021981626749038696, 0.02137633040547371, 0.02086261846125126, 0.02054324559867382, 0.01916191168129444, 0.016159508377313614, 0.014823510311543941, 0.013211634941399097, 0.011570639908313751, 0.010058811865746975, 0.00908656045794487, 0.007884368300437927, 0.007799594197422266, 0.007774630561470985
ankle	110820	my ankle is swollen out_of this world	4	8	 heart,  head,  life,  body,  brain,  mind,  soul,  world, self,  brother,  face,  friend,  eye,  ass,  family,  mother,  blood,  sister,  tongue,  skin	0.3609093725681305, 0.06696920841932297, 0.05571902543306351, 0.032893888652324677, 0.026446109637618065, 0.024227015674114227, 0.018088078126311302, 0.017679324373602867, 0.017668461427092552, 0.0163657795637846, 0.014513643458485603, 0.010892658494412899, 0.009213295765221119, 0.008803713135421276, 0.008725481107831001, 0.008633957244455814, 0.0085260309278965, 0.008214693516492844, 0.007539574522525072, 0.007236075587570667
ankle	121348	oh and you had a bangle on your ankle also	33	37	 head,  mind,  ass,  knee,  arm,  shoulder,  heart,  hand,  leg,  hands,  own,  life,  back,  foot,  finger,  neck,  dick,  hips,  chest,  shoulders	0.19538401067256927, 0.05483969300985336, 0.0508197620511055, 0.036894604563713074, 0.0359681136906147, 0.024760665372014046, 0.023290181532502174, 0.022506562992930412, 0.021022874861955643, 0.020199056714773178, 0.01902606710791588, 0.015873264521360397, 0.015570501796901226, 0.01547054760158062, 0.013896279036998749, 0.01355373952537775, 0.01329842023551464, 0.012541861273348331, 0.01213974691927433, 0.011835098266601562
ankle	141636	ow this is even a badder cut than my sprained ankle	47	51	 knee,  ankle,  leg,  shoulder,  arm,  hand,  hamstring,  wrist,  foot, .,  body,  thigh,  ribs,  hands,  nose,  knees,  forearm,  muscle,  boot,  kidney	0.27159383893013, 0.19772464036941528, 0.0941322073340416, 0.03754890710115433, 0.025918172672390938, 0.01767672412097454, 0.017040660604834557, 0.016404137015342712, 0.016189292073249817, 0.010486328974366188, 0.010203341953456402, 0.009163504466414452, 0.008952046744525433, 0.008770518004894257, 0.008678955025970936, 0.007326140999794006, 0.006555425003170967, 0.005752043332904577, 0.005661451257765293, 0.005631157197058201
ankle	234281	you had that bangle on your ankle too	29	33	 head,  ass,  finger,  neck,  heart,  arm,  dick,  shoulder,  leg,  knee,  own,  lips,  back,  hip,  hips,  chest,  mind,  hand,  butt,  fingers	0.114359050989151, 0.08124295622110367, 0.032737553119659424, 0.02877933904528618, 0.028604870662093163, 0.028237851336598396, 0.026131413877010345, 0.021535392850637436, 0.01897834800183773, 0.017955610528588295, 0.017542362213134766, 0.0168931782245636, 0.01685723289847374, 0.016381725668907166, 0.01620223931968212, 0.01584676094353199, 0.014665539376437664, 0.013148010708391666, 0.012174450792372227, 0.011732722632586956
another	22889	but do you think another rabbit thinks that that's uh danger or something when he sees another rabbit twitching his nose	18	24	 the,  a,  that,  one,  this,  another,  your,  some,  any,  every,  his,  each,  either,  our,  other,  my,  The,  their,  said,  he	0.5128726959228516, 0.21965132653713226, 0.09829319268465042, 0.0563376359641552, 0.048920150846242905, 0.035093873739242554, 0.007194627076387405, 0.006787425372749567, 0.005967127624899149, 0.0019410188542678952, 0.0013776635751128197, 0.0007865228108130395, 0.0006286660791374743, 0.00038360620965249836, 0.0003430882061365992, 0.00030358994263224304, 0.0002748754050116986, 0.00020791518909391016, 0.00017604509775992483, 0.00016076907922979444
another	167933	the problem is there is another problem with this you know doing your hair and that is as we	25	31	 a,  no,  the,  another,  one,  some,  this,  your,  that,  little,  not,  any,  nothing,  more,  an,  always,  big,  our,  something,  also	0.521659791469574, 0.32586875557899475, 0.054785314947366714, 0.02316528558731079, 0.021315922960639, 0.017937758937478065, 0.01054054033011198, 0.0032817907631397247, 0.0018892434891313314, 0.0013243381399661303, 0.0011722182389348745, 0.0009184206137433648, 0.0009166933014057577, 0.0008636786369606853, 0.0006276966305449605, 0.0006177249597385526, 0.0005650072125717998, 0.0005430274759419262, 0.000464756740257144, 0.00044859221088699996
another	188840	we're in the house here's another house sweetie	27	33	 the,  my,  your,  our,  a,  that,  this,  her,  their,  another,  his,  no,  in,  some,  me,  safe,  da,  us,  sweet,  little	0.5947956442832947, 0.12254220247268677, 0.09234466403722763, 0.08336418122053146, 0.03932928293943405, 0.00964362733066082, 0.008321631699800491, 0.005134358536452055, 0.004071434959769249, 0.0035003414377570152, 0.0028894732240587473, 0.0020242943428456783, 0.0014072234043851495, 0.0011039040982723236, 0.0008877603686414659, 0.0008308170363306999, 0.0007390229147858918, 0.0005695564905181527, 0.0005539184203371406, 0.0005199710140004754
another	244113	you want me to draw another a	21	27	 you,  out,  in,  on,  to,  up,  it,  for,  them,  down,  your,  myself, ,,  from,  me,  such,  as,  him,  into,  at	0.7884348034858704, 0.02039116993546486, 0.019316229969263077, 0.01858949288725853, 0.014372328296303749, 0.011778178624808788, 0.010650555603206158, 0.007228142581880093, 0.005237028002738953, 0.005198263097554445, 0.005142775364220142, 0.00433493172749877, 0.003816859796643257, 0.00322281033731997, 0.003171348012983799, 0.002767090918496251, 0.002686769235879183, 0.0026421297807246447, 0.002459354931488633, 0.0021795378997921944
another	6110	and here's a lurch and this is another lurch what are these called	32	38	 a,  the,  your,  another,  my,  no,  one,  this,  our,  called,  not, ,,  so,  their,  some,  that,  just,  for,  all,  also	0.7206404209136963, 0.08953358978033066, 0.020106162875890732, 0.017130419611930847, 0.012299233116209507, 0.009915857575833797, 0.007224725093692541, 0.006222560536116362, 0.005535024218261242, 0.004885268397629261, 0.004235267173498869, 0.003804723499342799, 0.0034699849784374237, 0.003367121098563075, 0.0030175582505762577, 0.002376689575612545, 0.0023201771546155214, 0.002167328493669629, 0.002004177076742053, 0.0017788702389225364
another	121366	oh another letter that's a good idea	4	10	 a,  the, ,,  this,  A,  my,  one,  The,  your,  that, ., A,  This,  big,  and,  another,  One,  love,  good, :	0.30984339118003845, 0.1050395667552948, 0.08047689497470856, 0.06372636556625366, 0.038361407816410065, 0.02608615532517433, 0.014678018167614937, 0.014559661038219929, 0.01376929972320795, 0.01194677408784628, 0.011141895316541195, 0.008603530935943127, 0.007975157350301743, 0.005786902736872435, 0.005504939239472151, 0.005495686084032059, 0.005311560817062855, 0.003967492841184139, 0.003881491255015135, 0.0036114323884248734
another	217603	xxx another piece of cheese to make another man	37	43	 a,  for,  the, ,,  another,  one,  with,  his,  to,  of,  this,  you,  good,  every,  up,  your,  into,  on,  young,  old	0.5243275165557861, 0.08234307914972305, 0.06985348463058472, 0.06141996756196022, 0.02447187900543213, 0.016598017886281013, 0.015143643133342266, 0.011707599274814129, 0.011498087085783482, 0.011160659603774548, 0.01029128022491932, 0.008503763005137444, 0.00838955957442522, 0.006808104924857616, 0.006390126422047615, 0.006368450354784727, 0.006216847337782383, 0.005817652214318514, 0.005717847030609846, 0.005346054211258888
another	56413	here here here is another piece of paper	19	25	 a,  the,  another,  one,  this,  my,  your,  no,  some,  our,  each,  every,  that,  his,  an,  any,  1,  little,  its,  small	0.8303372263908386, 0.05211300775408745, 0.03312908485531807, 0.03298397734761238, 0.02180958352982998, 0.006457711569964886, 0.004857093561440706, 0.0036397345829755068, 0.0033321259543299675, 0.0013611736940219998, 0.0011246708454564214, 0.0010350568918511271, 0.000959942874033004, 0.0004803854099009186, 0.0004706589679699391, 0.0003181374922860414, 0.0002979404525831342, 0.00021299772197380662, 0.00017637024575378746, 0.0001517128839623183
another	83939	i'm gonna throw another one in the ocean here ready	17	23	 that,  this,  another,  no,  you,  the,  your,  my,  every,  number,  any,  each,  round,  up,  us,  me,  him,  our,  day,  all	0.3858789801597595, 0.3499383330345154, 0.10150731354951859, 0.03318238630890846, 0.0306745283305645, 0.014749739319086075, 0.005683475639671087, 0.005569905042648315, 0.005257995333522558, 0.003749055555090308, 0.003312021493911743, 0.003291321685537696, 0.0031168146524578333, 0.002389173721894622, 0.002320513827726245, 0.0020895451307296753, 0.001981235109269619, 0.0019061502534896135, 0.00136913126334548, 0.0013389084488153458
another	213299	why don't you put it in the box and cover it back up and we'll go get another box	71	77	 the,  that,  this,  your,  a,  another,  my,  our,  it,  some,  his,  its,  their,  her,  one,  each,  any,  you,  every,  back	0.6582147479057312, 0.1819014698266983, 0.11458583176136017, 0.014317622408270836, 0.012180747464299202, 0.008020314387977123, 0.002866322174668312, 0.0011746491072699428, 0.0010794986737892032, 0.001018618349917233, 0.0008228064398281276, 0.0005520593258552253, 0.0003879280120600015, 0.0003063464828301221, 0.00026130047626793385, 0.00024184166977647692, 0.0001585779245942831, 0.00015061310841701925, 0.00014741544146090746, 0.00013433829008135945
ant	223671	yeah these are different kind of monsters right they look like they have antennae's for their ears don't these look like ant ears	122	124	 human,  their,  your,  big,  real,  the,  normal,  dumb,  our,  my,  dog,  animal,  chicken,  sheep,  fake,  fucking,  huge,  dead,  giant,  cat	0.19796276092529297, 0.13238081336021423, 0.04797749221324921, 0.04468133673071861, 0.033350925892591476, 0.01596994698047638, 0.014419879764318466, 0.012434146367013454, 0.009145873598754406, 0.008853023871779442, 0.008504464291036129, 0.00803092960268259, 0.007843554019927979, 0.007780285086482763, 0.006494082044810057, 0.005306128412485123, 0.004824785981327295, 0.004228510893881321, 0.004077050369232893, 0.003903763135895133
ant	162718	that's an ant or is it a worm	11	13	 insect,  animal,  organism,  egg,  alien,  ape,  elephant,  apple,  ant,  android,  owl,  insects,  angel,  organ,  adult,  ox,  idiot,  actor,  herb,  embryo	0.41034406423568726, 0.19552193582057953, 0.07650383561849594, 0.06807702779769897, 0.01779845915734768, 0.015719717368483543, 0.011689647100865841, 0.010429023765027523, 0.009948900900781155, 0.0061617386527359486, 0.005495352670550346, 0.005009992979466915, 0.004876712337136269, 0.003893478773534298, 0.003877090523019433, 0.003715201048180461, 0.0032124740537256002, 0.003127042669802904, 0.0030059830751270056, 0.002978684613481164
ant	193275	well the sign says don't go in there cause there's ant traps in there	52	54	 no,  some,  many,  more,  other, 't,  two,  any,  big,  several,  gas,  also,  always,  water,  nobody,  hidden,  not,  be,  the,  four	0.6889925003051758, 0.07452033460140228, 0.02073352225124836, 0.015064063481986523, 0.00950043648481369, 0.009332669898867607, 0.008153307251632214, 0.005891927517950535, 0.00539611978456378, 0.004703626502305269, 0.0045997221022844315, 0.004185443744063377, 0.003603885881602764, 0.003418282140046358, 0.00338250701315701, 0.003291935194283724, 0.0031028990633785725, 0.002896853256970644, 0.0025875314604490995, 0.002502716612070799
ant	249578	your ant farm ants have escaped max said ruby	6	8	 the, the, The,  two,  The,  your,  other,  little,  old, my,  and,  these, ,,  few,  three,  those,  that,  many,  some, My	0.14859750866889954, 0.10776246339082718, 0.053662341088056564, 0.02417565882205963, 0.021817052736878395, 0.016371864825487137, 0.00977363158017397, 0.009553113020956516, 0.008967436850070953, 0.008460159413516521, 0.008167973719537258, 0.008097507059574127, 0.008047136478126049, 0.007696832064539194, 0.007517922203987837, 0.007056324742734432, 0.005807272624224424, 0.005232497584074736, 0.0050523122772574425, 0.004641164094209671
ant	223460	yeah the ant's live in that hole	10	12	 let,  McDonald,  guy,  other,  kid,  ol,  fuck,  hell,  girl,  G,  dude,  D,  gang,  DJ,  O,  devil,  M,  PJ,  Mac,  sheriff	0.027933791279792786, 0.026739200577139854, 0.021799635142087936, 0.020419273525476456, 0.013791576959192753, 0.009264066815376282, 0.009256546385586262, 0.005984814837574959, 0.005558147095143795, 0.00530206598341465, 0.0051880101673305035, 0.0049463738687336445, 0.0045335679315030575, 0.004314762074500322, 0.004092591814696789, 0.0040288749150931835, 0.0038564330898225307, 0.0035820966586470604, 0.0035550615284591913, 0.0034461880568414927
ant	249580	your ant farm ants have escaped said ruby	6	8	 the, the,  two, The,  The,  your,  three,  that,  other,  little,  old, ,,  those,  many,  when,  few,  and,  these,  some,  said	0.17939859628677368, 0.045247774571180344, 0.0337672159075737, 0.02410256490111351, 0.023206206038594246, 0.012861899100244045, 0.011681701987981796, 0.011284107342362404, 0.010802226141095161, 0.010374940000474453, 0.010097095742821693, 0.009689358063042164, 0.009411209262907505, 0.009351851418614388, 0.00900040939450264, 0.008077560923993587, 0.007445447612553835, 0.005819497164338827, 0.005430599674582481, 0.005318867973983288
ant	15659	ant you can read it to me	1	3	If, So, Now, Maybe, And, Perhaps, Then, But, Sure, Or, Hope, Finally, Say, That, Bet, Can, How, Unless, if, Hopefully	0.4115767776966095, 0.11397117376327515, 0.09892888367176056, 0.07105100899934769, 0.03772418573498726, 0.03555416315793991, 0.03199619799852371, 0.022867785766720772, 0.02186296135187149, 0.02096007764339447, 0.01708417758345604, 0.004782143514603376, 0.004552152007818222, 0.003906087949872017, 0.003054757136851549, 0.0028556897304952145, 0.002812698483467102, 0.0028115021996200085, 0.002681971527636051, 0.002648991998285055
ant	170211	there is no big ant they just joked that the elephant is the big ant	17	19	 ant,  elephant,  thing,  animal,  ants, ,,  elephants,  one,  problem,  bird,  deal,  fight,  cat,  monkey,  Ant,  circus,  reason,  and,  man,  bang	0.8061035871505737, 0.09298378229141235, 0.004299112129956484, 0.004130789544433355, 0.003157135099172592, 0.002758962335065007, 0.002583966823294759, 0.0023814619053155184, 0.002115953713655472, 0.0017007339047268033, 0.0016655507497489452, 0.0014269455568864942, 0.0013514758320525289, 0.0011169061763212085, 0.0009473934769630432, 0.0009015773539431393, 0.0008346565300598741, 0.0008210744708776474, 0.0007834590505808592, 0.0006739509990438819
ant	76558	i think there are a few ant hills up there	25	27	 small,  big,  little,  more,  rolling,  low,  other,  large,  nice,  green,  high,  good,  tiny,  huge,  steep,  old,  pretty,  rocky,  tall,  flat	0.21169482171535492, 0.08072280138731003, 0.06550948321819305, 0.04878709092736244, 0.04464926943182945, 0.041067611426115036, 0.03788282722234726, 0.029425494372844696, 0.022057242691516876, 0.02130468189716339, 0.019265126436948776, 0.018482496961951256, 0.01586069166660309, 0.01387791708111763, 0.01339238602668047, 0.011875472962856293, 0.011718591675162315, 0.011694293469190598, 0.009558144956827164, 0.006603225599974394
ant	164385	that's the bug i think he's an ant	32	34	 idiot,  ass,  asshole,  angel,  actor,  animal,  adult,  alien,  expert,  artist,  insect,  apple,  orphan,  egg,  assassin,  engineer,  amateur,  ant,  eagle,  old	0.37512752413749695, 0.05966838076710701, 0.048597194254398346, 0.03941928967833519, 0.03509309142827988, 0.022913191467523575, 0.022590529173612595, 0.017455941066145897, 0.016472477465867996, 0.014815852977335453, 0.011807541362941265, 0.008590816520154476, 0.008310440927743912, 0.0078431973233819, 0.007584500126540661, 0.007437866646796465, 0.006981087848544121, 0.006643497385084629, 0.005248556844890118, 0.004826048389077187
